expression,count
donald trump,7169
kamala harris,6190
for trump,1999
that trump,1329
the trump,1130
of trump,1085
trump is,1056
to trump,789
a trump,620
with trump,576
for harris,549
on trump,427
about trump,412
against trump,388
and trump,365
if trump,350
normalizing trump,332
like trump,292
the harris,282
what trump,268
in trump,264
vp harris,261
as trump,239
from trump,236
trump has,236
praises trump,233
fuck trump,231
support trump,231
think trump,227
than trump,225
chosen trump,213
when trump,210
is trump,198
president trump,196
by trump,195
that harris,188
j. trump,164
how trump,160
while trump,149
trump and,149
why trump,148
trump will,146
trump voters,137
know trump,133
but trump,130
after trump,122
endorse harris,121
and harris,118
at trump,114
of harris,106
trump picks,104
never trump,102
up trump,99
under trump,97
president-elect trump,95
see trump,94
trump isn't,92
stop trump,91
everything trump,90
second trump,90
before trump,87
mr. trump,87
incoming trump,85
president harris,82
want trump,81
new trump,80
if harris,76
trump wants,76
because trump,76
letting trump,76
hate trump,71
trump announces,70
every trump,68
let trump,67
j trump,67
think harris,67
be trump,66
who trump,66
over trump,65
so trump,65
harris is,65
all trump,63
trump says,63
trump won,61
elect trump,60
this trump,60
these trump,60
calling trump,60
since trump,59
trump just,59
anonymous trump,59
lara trump,58
hope trump,56
trump nominates,55
a harris,54
says trump,53
to harris,52
time trump,52
mary trump,52
harris should,51
trump supporters,51
allow trump,51
why harris,50
watching trump,50
thought trump,49
trump nominated,49
normalize trump,49
trump was,48
not trump,48
endorses harris,48
about harris,48
it's trump,47
believe trump,47
trump should,46
another trump,44
until trump,44
voted trump,43
thinks trump,43
now trump,42
with harris,42
supporting trump,41
endorsed harris,40
get trump,39
vote harris,39
said trump,38
promoted trump,38
or trump,38
beat trump,38
way trump,38
calls trump,37
out trump,37
former trump,37
trump choosing,37
fucker trump,36
trump did,36
called trump,36
on harris,36
trump would,36
where trump,36
any trump,35
loved trump,34
give trump,34
trump to,34
supports trump,34
first trump,34
trump said,33
saying trump,33
into trump,33
trump cabinet,32
defeat trump,32
thee trump,32
mr trump,32
supported trump,31
john trump,31
say trump,31
take trump,31
get harris,31
country. trump,31
are trump,30
make trump,30
will trump,29
from harris,29
have trump,29
trump taps,29
trump names,29
felon trump,29
harris administration,28
sure trump,28
believes trump,28
melania trump,28
fucking trump,28
even trump,28
between trump,28
things trump,28
trump does,28
you trump,27
trump doesn't,27
trashing trump,26
bad trump,26
trump can,26
than harris,26
invited trump,26
support harris,25
no trump,25
tell trump,25
like harris,25
people trump,25
"anonymous

trump",25
anti trump,25
was trump,25
some trump,24
trump could,24
oppose trump,24
vote trump,24
team trump,24
right. trump,23
endorsing harris,23
call trump,23
once trump,23
during trump,23
reason trump,22
fight trump,22
capital.  trump,21
does trump,21
me trump,21
thing trump,21
did trump,21
then trump,21
reject trump,21
resist trump,20
my trump,20
helped trump,20
maga trump,20
wanted trump,20
against harris,20
average trump,20
trump really,20
is harris,20
has trump,19
harris and,19
see harris,19
watch trump,19
both trump,19
harris will,19
trump voter,19
go trump,19
trump got,19
help trump,19
or harris,19
trump in,19
voting harris,19
but harris,18
meet trump,18
only trump,18
trump appoints,18
latino trump,18
trump republicans,18
trump plans,18
trump makes,18
trump calls,18
us trump,18
got trump,18
trump praxis,18
trump confirms,17
elected trump,17
how harris,17
harris campaign,17
seeing trump,17
also trump,17
knew trump,17
blame harris,17
definitely trump,17
save trump,17
harris has,17
between harris,17
endorsed trump,17
say harris,17
. trump,17
trump the,17
trump on,17
electing trump,17
harris lost,17
harris ran,17
harris was,17
stopping trump,17
loves trump,17
pro trump,17
trump or,17
day trump,17
trump doesn’t,16
wants trump,16
endorsing trump,16
trump may,16
trump 2.0,16
gorka. trump,16
trump supporter,16
keep trump,16
expect trump,16
next trump,16
trump picked,16
hey trump,16
hope harris,16
voting trump,16
single trump,16
trump won't,16
coming trump,16
hoping trump,16
put trump,15
trump chooses,15
democracy. trump,15
traitor trump,15
vs. trump,15
remember trump,15
what harris,15
despite trump,15
because harris,15
trump isn’t,15
makes trump,15
vice-president harris,15
entire trump,15
harris to,15
wonder trump,15
hated trump,15
off trump,15
behind trump,15
criminal trump,15
when harris,14
devi harris,14
strengthen trump,14
following trump,14
old trump,14
compared trump,14
need trump,14
at harris,14
harris supporters,14
one trump,14
block trump,14
just trump,14
trump campaign,14
donold trump,13
those trump,13
praising trump,13
many trump,13
well trump,13
being trump,13
eric trump,13
illustrates trump,13
trump with,13
given trump,13
trump loves,13
covering trump,13
their trump,13
sees trump,13
need harris,13
favorite trump,13
trump thinks,13
giving trump,13
neither trump,13
dictator trump,12
love trump,12
harris voters,12
for. trump,12
upcoming trump,12
de trump,12
helping trump,12
hold trump,12
trump gets,12
your trump,12
your harris,12
own trump,12
trump now,12
where harris,12
ask trump,12
thinking trump,12
want harris,12
putting trump,12
glad trump,12
which trump,12
trump needs,12
trump pre-fires,12
least trump,12
defeated trump,12
election. trump,12
trump announced,12
"prison.
trump",12
over harris,11
my harris,11
man trump,11
made trump,11
trump transition,11
america. trump,11
other trump,11
believe harris,11
supporting harris,11
trump hates,11
donniedollhands trump,11
owns trump,11
trump looks,11
biden harris,11
chose trump,11
trump administration,11
american trump,11
breaking trump,11
maybe trump,11
gives trump,11
dear trump,11
through trump,11
hear trump,11
guy trump,11
wish trump,11
hates trump,11
do trump,11
latest trump,11
more trump,11
named trump,10
trump expected,10
trump winning,10
indicting trump,10
trashes trump,10
whole trump,10
trust trump,10
endorse trump,10
unlike trump,10
"anonymous
trump",10
heard trump,10
thanks trump,10
did harris,10
down trump,10
claim trump,10
official. trump,10
trump wins,10
it. trump,10
trump nominating,10
voted harris,10
allowing trump,10
blaming harris,10
attend trump,10
harris must,10
around trump,10
choose harris,10
slams trump,10
fascist trump,10
fred trump,10
last trump,10
aka trump,10
trump apparently,9
trump not,9
trump can’t,9
wish harris,9
endorses trump,9
real trump,9
trump can't,9
inside trump,9
long trump,9
fake trump,9
can trump,9
state harris,9
trump for,9
disqualify trump,9
trump team,9
trump https,9
loathe trump,9
whether harris,9
depicting harris,9
involving trump,9
trump once,9
trump chose,9
anything trump,9
reasons trump,9
whether trump,9
harris did,9
saw trump,9
trump must,9
attention trump,9
core trump,9
threat trump,9
gold trump,9
vs trump,9
trump being,9
harris for,9
trump belongs,9
god trump,9
potential trump,9
course trump,9
in harris,8
congratulates trump,8
expecting trump,8
am trump,8
making trump,8
attack trump,8
after harris,8
understand trump,8
"me.

trump",8
backed trump,8
elonia trump,8
by harris,8
despise trump,8
trump ally,8
associating trump,8
criticized trump,8
harris admin,8
slamming trump,8
send trump,8
towards trump,8
trump lost,8
kissing trump,8
2nd trump,8
name trump,8
using trump,8
week. trump,8
harris in,8
opposed trump,8
claiming trump,8
trump seems,8
prevent trump,8
host trump,8
king trump,8
most trump,8
hail trump,8
book trump,8
trump issues,8
defying trump,7
approach trump,7
trump ag,7
describe trump,7
trump claims,7
enabling trump,7
trump pick,7
protect trump,7
gave trump,7
without trump,7
insane trump,7
regarding trump,7
covers trump,7
surprised trump,7
backing trump,7
trump might,7
follow trump,7
servant. trump,7
saying harris,7
blame trump,7
dump trump,7
whatever trump,7
trump argues,7
trump only,7
assume trump,7
damage trump,7
congratulate trump,7
liked trump,7
guess trump,7
don trump,7
"president. 

trump",7
trump election,7
isn't trump,7
ensuring trump,7
let harris,7
k trump,7
trump 2024,7
supported harris,7
choose trump,7
barron trump,7
abandon harris,7
vp trump,7
kiss trump,7
taking trump,7
jackass trump,7
best trump,7
fear trump,7
thank trump,7
lead trump,7
much trump,7
happy trump,7
convince trump,7
told trump,7
silent trump,7
it trump,7
defends trump,7
harris walz,7
trump keeps,7
shoot trump,7
harris economy,7
sentence trump,7
claims trump,7
trump never,6
anonymous harris,6
trump broke,6
survive trump,6
trump goes,6
mistook trump,6
top trump,6
describes trump,6
breakingnews trump,6
seen trump,6
dislike trump,6
trump literally,6
defending trump,6
loving trump,6
trump as,6
team harris,6
who’s trump,6
trump had,6
be harris,6
demand trump,6
says harris,6
said harris,6
realize trump,6
person trump,6
harris have,6
supports harris,6
bet trump,6
enabled trump,6
having trump,6
should trump,6
treating trump,6
this. trump,6
though trump,6
defeating trump,6
sure harris,6
had harris,6
biden. harris,6
pressure trump,6
trump ran,6
normalized trump,6
would trump,6
trump called,6
end trump,6
trump dod,6
pick trump,6
puppet trump,6
playing trump,6
him trump,6
trump tells,6
ms. harris,6
ignore trump,6
coddling trump,6
trump vows,6
trump ain’t,6
celebrating trump,6
show trump,6
future trump,6
criticizing trump,6
"trump

https",6
trump hasn’t,6
fighting trump,6
resisting trump,6
"demonrat.

trump",6
trump knows,6
til trump,6
forget trump,6
enable trump,6
had trump,6
sam harris,6
time. trump,6
trump ruined,6
chance trump,6
good trump,6
current trump,6
condemn trump,6
was harris,6
mvp harris,6
trump appointees,6
harris now,6
fyi.  trump,6
sanewashing trump,6
trump appointed,6
trump tariffs,6
sucking trump,6
hating trump,6
trump caused,6
d. harris,6
rapist trump,6
donny trump,6
his trump,6
trump hhs,6
discuss trump,6
crazy trump,6
prejudge trump,6
1. trump,6
attacked harris,5
tells trump,5
sanewashed trump,5
trump continues,5
toward harris,5
trump announcing,5
crush trump,5
trump aide,5
years trump,5
2024 trump,5
before harris,5
ivanka trump,5
trump promises,5
dc harris,5
candidate trump,5
including trump,5
now. trump,5
begging trump,5
trump loses,5
trump went,5
accuses trump,5
back trump,5
treat trump,5
conservative trump,5
pretending trump,5
likes trump,5
debate harris,5
trump lied,5
trump made,5
except trump,5
now harris,5
eat trump,5
gets trump,5
christ. trump,5
candidate. trump,5
watched trump,5
meeting trump,5
hearing trump,5
knowing trump,5
trump without,5
harris needs,5
distract trump,5
supremacist trump,5
"lawless. 

trump",5
were trump,5
reason harris,5
big trump,5
thwart trump,5
elect harris,5
trump himself,5
drive trump,5
incompetent trump,5
puts trump,5
harris or,5
forgive trump,5
"trump 
https",5
trump ignores,5
it’s trump,5
better trump,5
trump endorses,5
trump hasn't,5
harris would,5
trump trump,5
while harris,5
trump because,5
simon harris,5
nothing trump,5
denounce trump,5
trump threatens,5
prosecuting trump,5
word trump,5
typical trump,5
history. trump,5
union-busting trump,5
respect trump,5
trump doing,5
trump et,5
"anonymous 
trump",5
trump selects,5
asked trump,5
trump didn't,5
trump from,5
attacking trump,5
trump talks,5
trump actually,5
trump vance,5
harris didn't,5
l. trump,5
trump mass,5
harris regime,5
trump escolhe,5
run trump,5
remove trump,5
trump world,5
trump posts,5
ignorant trump,5
appeasing trump,5
trump admin,5
trump locks,5
harris actually,5
president. trump,5
von trump,5
trump rally,5
female trump,5
trump at,5
harris can,5
compare trump,5
margin trump,5
black trump,5
beaten trump,5
coddle trump,5
's trump,5
criticizing harris,4
protest trump,4
trump cultist,4
join trump,4
poor trump,4
meanwhile trump,4
horrible trump,4
elon trump,4
"it.

trump",4
defend trump,4
nor trump,4
convict trump,4
backed harris,4
msg trump,4
beyond trump,4
trump denounces,4
rubio.  trump,4
pushing trump,4
worship trump,4
harris wants,4
power trump,4
met trump,4
behind harris,4
proposed trump,4
re-electing trump,4
pardoning trump,4
thinks harris,4
trump vs,4
trump when,4
words. trump,4
votes harris,4
great trump,4
harris slams,4
trump denies,4
reporting trump,4
comparing trump,4
trump se,4
trump à,4
thing. trump,4
suspect trump,4
newest trump,4
showing trump,4
consider trump,4
new harris,4
pardon trump,4
trump begins,4
harris a,4
calling harris,4
"it.

harris",4
called harris,4
cut trump,4
harris 48.26,4
nothing harris,4
shows trump,4
inevitable trump,4
trump wouldn’t,4
mean trump,4
ms harris,4
joins trump,4
costing harris,4
denouncing trump,4
running trump,4
allowed trump,4
lick trump,4
afraid trump,4
lest trump,4
trump rejects,4
holding trump,4
harris https,4
everyone trump,4
match trump,4
unless trump,4
prominent trump,4
kept trump,4
decided trump,4
trump fans,4
an trump,4
predict trump,4
wow trump,4
limit trump,4
trump cheated,4
debate trump,4
getting trump,4
disseminate trump,4
love harris,4
trump refuses,4
trump sucks,4
again trump,4
jr. trump,4
position trump,4
declare trump,4
trump values,4
him. harris,4
"houston.

trump",4
not harris,4
trash trump,4
opposes trump,4
trump supports,4
use trump,4
pathetic trump,4
hell trump,4
them. trump,4
portraits trump,4
same trump,4
trump vision,4
harris 2028,4
trump 1,4
trump media,4
destroys trump,4
trump connection,4
harris already,4
over. trump,4
rips trump,4
opposing trump,4
whitewashing trump,4
die-hard trump,4
f trump,4
trump movement,4
kai trump,4
idiot trump,4
trump told,4
"trump
4",4
trump giving,4
enjoy trump,4
since harris,4
trump dance,4
beating trump,4
counter trump,4
trump gives,4
takeaway trump,4
kamela harris,4
blasts trump,4
campaign trump,4
kamal harris,4
eff trump,4
trump thought,4
every harris,4
then harris,4
confirm trump,4
trump sure,4
defy trump,4
any harris,4
harris gets,4
thought harris,4
obey trump,4
challenges trump,4
choice trump,4
goal trump,3
could trump,3
trump propaganda,3
sending trump,3
trump making,3
convinced trump,3
avoid trump,3
exonerate trump,3
seems trump,3
vacate trump,3
trump speaks,3
trump presidency,3
telling trump,3
chaos. trump,3
trump put,3
trump organization,3
harris that,3
bought trump,3
takes trump,3
keeping trump,3
trump wanted,3
trump win,3
trump critics,3
"trump 

https",3
warn trump,3
trashed harris,3
elevated trump,3
well' trump,3
anticipate trump,3
shaming trump,3
favoring trump,3
action trump,3
will. trump,3
become trump,3
hasn’t trump,3
situation. trump,3
congratulated trump,3
daddy trump,3
liking trump,3
borders. trump,3
joining trump,3
trump suggests,3
trudeau.  trump,3
you’re trump,3
cutting trump,3
trump signals,3
trump campaigned,3
cover trump,3
harris 2024,3
backing harris,3
insist trump,3
british trump,3
days trump,3
signals trump,3
policies trump,3
trump clearly,3
in-coming trump,3
classic trump,3
reelecting trump,3
trump republican,3
were harris,3
pushed harris,3
view trump,3
recent trump,3
harris really,3
event trump,3
"agencies.

trump",3
clear. trump,3
nitpicking harris,3
trump posted,3
punish harris,3
we trump,3
trump 2016,3
feeling trump,3
trump appears,3
nah trump,3
till trump,3
as harris,3
encourage trump,3
fk trump,3
trump again,3
harris up,3
trump asked,3
each trump,3
kill trump,3
deny trump,3
regretful trump,3
harris accomplishments,3
worse. trump,3
trump intends,3
"streets.

trump",3
".

trump",3
welcome trump,3
trump also,3
give harris,3
trump presidential,3
stupid trump,3
handed trump,3
predicts trump,3
treats trump,3
taken trump,3
trump turned,3
trump combine,3
infantilizing trump,3
attacking harris,3
trump running,3
mcdonald trump,3
rejected trump,3
harris vows,3
probably trump,3
czar trump,3
trump resumes,3
shocked trump,3
extent trump,3
harris didn’t,3
trump troll,3
apparently trump,3
plus trump,3
trump victory,3
lip-sync trump,3
all harris,3
maybe harris,3
who's trump,3
smug trump,3
trump states,3
harris wins,3
trump policies,3
umm trump,3
e trump,3
trump descarta,3
trump sounds,3
allowed harris,3
trump are,3
". 

trump",3
daisy harris,3
trump considers,3
trolling trump,3
donkey trump,3
sort trump,3
harris makes,3
kamala. trump,3
whenever trump,3
prosecute trump,3
trump conservative,3
emerging trump,3
trump white,3
trump officials,3
destroy harris,3
trump didnt,3
around harris,3
me harris,3
diminished trump,3
trump hush,3
took trump,3
pretending harris,3
world. trump,3
run harris,3
proof trump,3
harris leads,3
trump lies,3
derail trump,3
buying trump,3
post. trump,3
slammed trump,3
v.p. harris,3
trump didn’t,3
"trump

fafo",3
known trump,3
learned trump,3
trump family,3
trump supporting,3
who harris,3
"25000 
trump",3
worst trump,3
arguing harris,3
trump admits,3
this harris,3
bait harris,3
isn’t trump,3
"8
harris",3
interviewing trump,3
screw trump,3
pos trump,3
trump promised,3
challenge trump,3
blocking trump,3
trump looked,3
believed trump,3
recurring trump,3
trump explained,3
pour trump,3
trump ii,3
scorched trump,3
trump passed,3
him.  trump,3
trump favors,3
respected trump,3
trump acts,3
welcoming trump,3
possible trump,3
wasn't trump,3
trump still,3
racist trump,3
com trump,3
trust harris,3
trump nomeia,3
that. trump,3
food trump,3
ing trump,3
trump better,3
ensure trump,3
trump demands,3
trump disgusts,3
trump v,3
hurt harris,3
trump destroys,3
trump social,3
destroy trump,3
trump wouldn't,3
trump cannot,3
shit trump,3
call harris,3
alongside trump,3
explain trump,3
back harris,3
trump jr,3
four trump,3
granted trump,3
huge trump,3
caused trump,3
near trump,3
дonald trump,3
him. trump,3
ck trump,3
trump accidentally,3
trump bros,3
are. harris,3
find trump,3
criticizes trump,3
denounces trump,3
headboard harris,3
showcasing trump,3
trump praises,3
fascist’ trump,3
trump nominees,3
make harris,3
play trump,3
argue trump,3
re trump,3
dismiss trump,3
temu trump,3
making harris,3
accept trump,3
trump represents,3
trump threatened,3
overthrow trump,3
nazi trump,3
talent trump,3
charge trump,3
clowns trump,3
trump likes,3
loser trump,3
imagine trump,3
far trump,3
harris had,3
trump reportedly,3
secret trump,3
4 trump,3
ways trump,3
their harris,3
night trump,3
nitpick harris,3
plotter trump,3
lord trump,3
pre trump,3
barring trump,3
trump owns,3
positions trump,3
sad trump,3
insult trump,3
trump battle,3
certain trump,3
ignores trump,3
peak trump,3
it's harris,3
"republicans
trump",3
bar trump,3
been trump,3
anyway trump,3
trump sues,3
nominated trump,3
trump feels,3
same. trump,3
trump hired,3
words trump,3
harris using,3
toe harris,3
fact trump,2
brainwashed trump,2
trump regime,2
harris are,2
trump selecting,2
trump trash,2
basically trump,2
trump delivers,2
trump shitting,2
out. trump,2
trump brought,2
yeah trump,2
trump train,2
appointments trump,2
among trump,2
"women.
trump",2
hate harris,2
trump proves,2
skip trump,2
kissed trump,2
america trump,2
trump named,2
"anymore.

trump",2
rejects trump,2
"2.0
trump",2
confronts trump,2
trump takes,2
perhaps trump,2
"problem.

trump",2
trump suggesting,2
at... trump,2
decide trump,2
"him. 

trump",2
awful trump,2
trump loaded,2
chairing trump,2
crossed trump,2
prove trump,2
point. trump,2
way. harris,2
trump rode,2
aren’t trump,2
hits trump,2
kamala harris,2
means trump,2
harris spoke,2
trump last,2
male trump,2
trump endorsed,2
"trump
you’re",2
"trump 

i",2
criticise trump,2
criticize trump,2
what's harris,2
neither harris,2
doesn't trump,2
trump confirmed,2
trump 2004,2
trump rn,2
visiting trump,2
fuck harris,2
off-chance trump,2
day. trump,2
prefer harris,2
prospective trump,2
goes trump,2
investigate trump,2
dangerous trump,2
understands trump,2
trumpproject2025 trump,2
polls. trump,2
towards harris,2
weeks trump,2
harris goes,2
finds trump,2
congratulations trump,2
vance trump,2
trump insults,2
harris went,2
trump defies,2
believing trump,2
agenda. trump,2
trump seeking,2
trump university,2
usual.   trump,2
rebut trump,2
citizen trump,2
surely trump,2
even harris,2
trashy trump,2
trump investi,2
matter. trump,2
wearing trump,2
pres trump,2
piss trump,2
still trump,2
used trump,2
harris won,2
outperformed harris,2
trump doubles,2
mcmahon trump,2
narrative. trump,2
musk-man trump,2
news. trump,2
trump sent,2
absolutely.  trump,2
held harris,2
decades. trump,2
trump fda,2
trump wrote,2
pain trump,2
does harris,2
breaking harris,2
trump saw,2
interviewing harris,2
forgave trump,2
rejecting trump,2
reviews trump,2
trump attacked,2
trump stopped,2
harris led,2
evolve. trump,2
"kamala
harris",2
tariffs trump,2
looming trump,2
trump praised,2
"migrants.

trump",2
outmaneuveres trump,2
are harris,2
cost harris,2
trump thanks,2
accusing trump,2
surrounding harris,2
"so...
trump",2
whereas trump,2
both harris,2
talk trump,2
trump return,2
cool. trump,2
vet trump,2
amazing trump,2
".

harris",2
blasted harris,2
them trump,2
harris were,2
painting trump,2
scabs trump,2
"projects. 
trump",2
attacks harris,2
applaud trump,2
trump conversation,2
trump plan,2
presidents. trump,2
"lol

trump",2
threatens trump,2
confused trump,2
trump resistance,2
anti harris,2
hell. trump,2
trump joins,2
trump don’t,2
that.  trump,2
invited harris,2
hand trump,2
harris betrayed,2
trump him,2
orangestain trump,2
trump stupidity,2
dodger trump,2
defended trump,2
trump warns,2
harris 100,2
bernie. harris,2
emperor trump,2
trump tweets,2
trump smeared,2
trump won’t,2
"healthcare.

trump",2
have harris,2
trump brings,2
picked trump,2
broken trump,2
admitted trump,2
launching trump,2
never harris,2
"boy

trump",2
trump primary,2
cabinet.  trump,2
"nomination.

harris",2
shows harris,2
ultimate trump,2
trump launched,2
glad harris,2
followed trump,2
trump killed,2
somehow trump,2
trump friendly,2
trump eyes,2
trump allies,2
won trump,2
advising trump,2
harris could,2
fingers harris,2
el trump,2
60 trump,2
different trump,2
senator harris,2
anti-anti trump,2
sc. harris,2
went trump,2
compares trump,2
trump tone,2
trump editorial,2
girl- trump,2
"blue
trump",2
chief trump,2
deserves trump,2
trump aligns,2
trump enlists,2
trump die,2
trump returns,2
trump this,2
monger harris,2
trump accuses,2
competent trump,2
trump looking,2
20 trump,2
trump played,2
consider harris,2
again. trump,2
criticised trump,2
uttering trump,2
pretend trump,2
fervent trump,2
trump tries,2
punch trump,2
tie trump,2
undermines trump,2
forgotten trump,2
obvious trump,2
hegseth trump,2
positive trump,2
brains trump,2
trump humpers,2
harris against,2
eyeing trump,2
"president.
harris",2
trump bringing,2
anti-war trump,2
thanking trump,2
trump humiliating,2
government. harris,2
point trump,2
ever. trump,2
trump throws,2
installing trump,2
lobby trump,2
reflects trump,2
win trump,2
fck trump,2
prendere trump,2
di trump,2
share trump,2
discovering trump,2
played trump,2
trump stocks,2
ethnic trump,2
wall trump,2
j6 trump,2
teach trump,2
past trump,2
ignoring trump,2
daily trump,2
global trump,2
investigating trump,2
appears trump,2
trump stole,2
protecting trump,2
trump nominee,2
women trump,2
republican trump,2
offender trump,2
campaign. trump,2
unfit trump,2
"majority

harris",2
surpassed trump,2
potential harris,2
miffed trump,2
doing trump,2
sank harris,2
demolishes trump,2
opened trump,2
trump skates,2
donnie trump,2
sue trump,2
rapist. trump,2
felon. trump,2
continues. trump,2
trump should've,2
trump hating,2
"14
harris",2
harris seems,2
read trump,2
annoying trump,2
disavows trump,2
do harris,2
slitting trump,2
maha. trump,2
pay trump,2
v trump,2
clear trump,2
whom trump,2
colorado trump,2
"country.

trump",2
statement trump,2
trump accounts,2
acknowledged trump,2
date trump,2
mentioning trump,2
fascists. trump,2
soon trump,2
processing trump,2
reminder. trump,2
idiots trump,2
trump defense,2
tbf trump,2
three trump,2
callout trump,2
individuals trump,2
pardoned trump,2
set trump,2
globe.  trump,2
trump term,2
trump dishonors,2
know harris,2
great. trump,2
2016 trump,2
show harris,2
harris rallies,2
sued trump,2
à trump,2
ghouls trump,2
mcmann trump,2
trump kiest,2
van trump,2
so harris,2
bondi trump,2
he’s trump,2
trump appointments,2
blessing. trump,2
owe trump,2
bashing trump,2
along trump,2
views trump,2
whoever trump,2
lovely trump,2
dollar trump,2
fellow trump,2
sane-washed trump,2
harris would’ve,2
harris doesn’t,2
picks trump,2
trump finally,2
appreciate trump,2
trump pledges,2
unlikely trump,2
trump completely,2
netanyahu. trump,2
removes trump,2
held trump,2
treated trump,2
trump attempts,2
trump all,2
"endorse
harris",2
trump lawyer,2
anything. trump,2
congratulating trump,2
trump anuncia,2
trump e,2
harris struggles,2
trump opts,2
push trump,2
trump derangement,2
dough-headed trump,2
fucked trump,2
trump attack,2
invaded trump,2
trump relationship,2
kamaltoe harris,2
lease. trump,2
trump threw,2
allows trump,2
buy trump,2
"docs
trump",2
replaced trump,2
jailhouse trump,2
hero. trump,2
"communities.

trump",2
"2020.

trump",2
trump blindly,2
harris looks,2
trump celebrates,2
advocated trump,2
squashed trump,2
trump definitely,2
trump crime,2
melanoma trump,2
following harris,2
"ex
trump",2
"oh
trump",2
sick trump,2
trump unveils,2
woman. trump,2
2025 trump,2
donald’s trump,2
choices trump,2
harris on,2
interrupting harris,2
dismantle trump,2
trump aims,2
predator-elect trump,2
body. trump,2
ruthless trump,2
trump approves,2
under harris,2
reductionist. trump,2
lacks trump,2
harris appears,2
trump ties,2
trump water,2
trump board,2
about. trump,2
trump that,2
trump i'm,2
burning trump,2
"unfit.
trump",2
"unwell. 
trump",2
sabotaged harris,2
trump saying,2
trump declares,2
calls harris,2
vile trump,2
despite harris,2
blind trump,2
ban trump,2
"here......

trump",2
should harris,2
"wrong.

trump",2
harris refused,2
harris being,2
e. trump,2
"on. 
harris",2
mean harris,2
evil trump,2
trump steals,2
original trump,2
trump alliance,2
baby trump,2
fred harris,2
inviting trump,2
"31
trump",2
quoting trump,2
"fewer

trump",2
trump 2,2
trump puppet,2
chaos trump,2
more harris,2
"trump
3",2
"hate

trump",2
"it 
trump",2
embrace harris,2
trump outrage,2
reelect trump,2
threats  trump,2
imbibing trump,2
begs harris,2
promoting trump,2
trump tapped,2
real. trump,2
turn trump,2
trump you,2
didn't trump,2
trump let’s,2
buddy trump,2
now. harris,2
harris aide,2
trump wasn’t,2
less trump,2
harris it,2
doubt trump,2
department trump,2
influential trump,2
trump tariff,2
elon. trump,2
trump after,2
humped trump,2
deal trump,2
"trump
said",2
trump working,2
mocked harris,2
what’s trump,2
policies. trump,2
care. harris,2
condemns trump,2
"fee.

trump",2
lowlife trump,2
starmer's trump,2
amplifying trump,2
trump voters...i,2
harris picks,2
experience.  trump,2
freaking trump,2
trump veepstakes,2
constitution. trump,2
trump loved,2
drawing trump,2
crimes. trump,2
trump creating,2
listed trump,2
trump farts,2
harris vp,2
head-butts trump,2
killing trump,2
post trump,2
office. trump,2
refute trump,2
laura trump,2
role trump,2
unamerican trump,2
trump businesses,2
electing harris,2
seriously trump,2
hit trump,2
moment harris,2
harris all,2
already trump,2
trump followed,2
harris camp,2
threw harris,2
trump implements,2
trump induced,2
don’t trump,2
yesterday's harris,2
bemoaning trump,2
2020 trump,2
trump drops,2
that's trump,2
trump maga,2
rope-a-dope trump,2
help harris,2
harris says,2
someone trump,2
trump 2025,2
pushed trump,2
1st trump,2
trump of,2
"virus. 
trump",2
thing harris,2
sanewashes trump,2
toward trump,2
unelected trump,2
rehabilitate trump,2
condemning trump,2
watch harris,2
trump 2025-2028,2
trump nonimates,2
trump getting,2
trump took,2
somewhere trump,2
strong trump,2
swallowing trump,2
nefarious trump,2
profile trump,2
trump fluffer,2
"truth.

trump",2
opposition trump,2
needed harris,2
actualnews trump,2
fact-checking trump,2
clinton. trump,2
trailer trump,2
trump disagrees,2
trump please,2
realized harris,2
invite trump,2
pussy trump,2
trump easily,2
especially trump,2
"does

trump",2
harris allies,2
unsee trump,2
recognize trump,2
lot trump,2
trump love,2
kick trump,2
shocked. trump,2
near harris,2
sicko trump,2
horrid trump,2
trump choice,2
handle trump,2
"there. 

trump",2
concerning trump,2
financed trump,2
trump era,2
trump bashes,2
suck trump,2
trump privileged,2
trump predictions,2
trump i,2
führer trump,2
delivered trump,2
deserve. trump,2
suicide. trump,2
face trump,2
predicted trump,2
trump claimed,2
ones trump,2
feel trump,2
actually trump,2
here trump,2
"people.

trump",2
harris shouldn’t,2
elderly trump,2
cream trump,2
"elon
trump",2
claim harris,2
remarks trump,2
trump personifies,2
wat trump,2
trump reminds,2
steroids. trump,2
let’s trump,2
trump signature,2
resent trump,2
week trump,2
informed trump,2
kamala trump,2
washed trump,2
found trump,2
idea trump,2
style trump,2
trump fired,2
here's trump,2
they’re trump,2
"trump

do",2
interesting trump,2
nominal trump,2
costing trump,2
cuddly trump,2
harris said,2
eyes. harris,2
eh trump,2
lord. trump,2
expel trump,2
wants harris,2
trump hater,2
probable trump,2
bottom trump,2
trump ready,2
likely trump,2
disenchanted trump,2
hurting trump,2
deranged trump,2
punched trump,2
"pre-
trump",2
treatment trump,2
serve trump,2
freezing trump,2
anonymous   trump,2
resists trump,2
promote harris,2
putin. trump,2
realized trump,2
trump truck,2
choice- trump,2
tiny trump,2
applauding trump,2
mocks trump,2
"trump
2",2
mglw'nafh trump,2
unfortunately trump,2
modal trump,2
trump spox,2
harris met,2
trump shift,2
trump dismisses,2
pimpin’ trump,2
throughout trump,2
implicates trump,2
attacked trump,2
cause harris,2
trump repubs,2
etc. trump,2
stuff trump,2
around. trump,2
cking trump,2
nothing. trump,2
something trump,2
you're trump,2
"article. 

harris",2
forthcoming trump,2
créé trump,2
trump rethinks,2
adhorant trump,2
capital trump,2
explains trump,2
trump battles,2
fyi harris,2
really trump,2
trump relied,2
includes harris,2
trump agenda,2
ate trump,2
trump users,2
grants trump,2
"c-words. 

trump",2
facilitating trump,2
trump held,2
.  trump,2
merch trump,2
tolerate trump,2
trump nazis,2
trump projected,2
voters.  trump,2
trump nominee-apologists,2
trump conviction,2
surprising. trump,2
featuring trump,2
chewing trump,2
senate trump,2
cancel trump,2
47 trump,2
std-riddled' trump,2
usa. trump,2
key trump,2
trump ad,2
watching harris,2
angry trump,2
trump would've,2
harris leftists,2
trump  49.86,2
harris  48.26,2
trump appointing,2
"syndrome.
trump",2
up.....cause trump,2
trump remain,2
necessarily trump,2
case trump,2
misgendered trump,2
approve trump,2
racism. trump,2
"them.
trump",2
tur. trump,2
greene. trump,2
connecting trump,2
forcing trump,2
"period.

trump",2
issues trump,2
"pocket.. 
trump",2
versus harris,2
trump forever,2
trump deadlocked,2
finds harris,2
mandatory trump,2
crybabies. trump,2
members trump,2
"oath. 

trump",2
harris rapid,2
elderly. trump,2
horror.  trump,2
fascism. trump,2
"can.

trump",2
trump orders,2
pressuring trump,2
"says.
trump",2
"ride.

trump",2
"majesty
trump",2
"like...
trump",2
annihilate trump,2
low trump,2
personal trump,2
scumbag trump,2
leaning harris,2
redeemable. trump,2
ww3. harris,2
although trump,2
shocking trump,2
out. harris,2
trump show,2
nominates trump,2
island trump,2
balls trump,2
observes trump,2
rob.  harris,2
win. trump,2
"honesty

trump",2
"traitor 

trump",2
genocide harris,2
assured trump,2
trump new,2
indict trump,2
man. trump,2
punishing trump,2
"reckoning 

harris",2
being harris,2
parrots trump,2
assuming harris,1
brought trump,1
trump protesters,1
scared trump,1
isn't harris,1
trump disgusted,1
you. trump,1
kneepads harris,1
"election.

trump",1
trump propagandists,1
rebutting trump,1
"institutions 

trump",1
president. harris,1
insane. harris,1
facilitated trump,1
trump moves,1
trump criticized,1
fought trump,1
controlling trump,1
asks trump,1
harris listing,1
riding trump,1
smokescreen. trump,1
james trump,1
trump inherited,1
trump daddy,1
but  trump,1
trump meets,1
particularly trump,1
happens. trump,1
siphons trump,1
corrupt trump,1
"bush-gore

trump",1
predicting trump,1
fascinating trump,1
harris rejects,1
narrowing harris,1
land' harris,1
trump courts,1
harris touts,1
tries trump,1
"again

trump",1
trump inciting,1
trump enabled,1
"people. 

trump",1
"workers. 

trump",1
trump trial,1
country.  trump,1
loud trump,1
botoxed trump,1
hispanic trump,1
embracing trump,1
trump openly,1
trump choices,1
sell trump,1
"plan. 

trump",1
trump endorsement,1
"fuck

harris",1
ratfucking trump,1
trump crowd,1
screams trump,1
harris rally,1
spawned trump,1
musk. trump,1
dates trump,1
harris might,1
trump enthralls,1
trump who,1
trump ads,1
trump lying,1
throw trump,1
reminder.  trump,1
harris ad,1
counters trump,1
trump screws,1
flipped trump,1
trump positions,1
revile trump,1
trump railed,1
harris  publicly,1
trump phone,1
offers trump,1
insinuates trump,1
trump gag,1
es harris,1
trump acaba,1
"tds.
trump",1
"syndrome. 
trump",1
compromising trump,1
names trump,1
biden trump,1
"trump 
why",1
schmidt. trump,1
kryptonite. trump,1
"ettd 

trump",1
imbecile trump,1
trump shouldn't,1
"pam...

trump",1
ia trump,1
"head.
trump",1
pest trump,1
opps trump,1
trump stuck,1
pres.-elect trump,1
proved trump,1
"like.

trump",1
said...mr. trump,1
"afraid.

trump",1
i'm trump,1
speech harris,1
inspiring harris,1
lately trump,1
psychopath trump,1
oh. trump,1
relatable trump,1
puppet. trump,1
accountability. trump,1
incl. trump,1
adopting trump,1
megalomaniacs trump,1
bullshtters trump,1
florida. trump,1
reality. trump,1
sized trump,1
trump shirt,1
desperate. trump,1
trump swings,1
badly trump,1
for  trump,1
trump directs,1
losing trump,1
stops trump,1
trump what,1
meeting  trump,1
"gaetz

trump",1
"one. 

trump",1
head trump,1
fox trump,1
blasting harris,1
ever.  trump,1
trump furious,1
j.  trump,1
undermining trump,1
assessed trump,1
wishes trump,1
"it.
trump",1
trump advisors,1
"trump

he's",1
correct trump,1
duty. trump,1
analogize trump,1
"hatred.
trump",1
harris hammers,1
trump over,1
harris faces,1
trump addresses,1
trump lashes,1
"loves.

trump",1
cheer harris,1
turmoil trump,1
dunno. trump,1
"things. 

trump",1
sucks trump,1
trump fs,1
trump landslide,1
trump steaks,1
harris criticizes,1
praise harris,1
harris blasts,1
trump deportation,1
trump repeats,1
one-time trump,1
technofascist trump,1
vo harris,1
strange trump,1
chased trump,1
"dinosaur

trump",1
exempt trump,1
harris isn't,1
harris sent,1
trump freewheels,1
possibility trump,1
prevented trump,1
insisting harris,1
trump where,1
adventurism. trump,1
pro-oligarch trump,1
confirmed. trump,1
budget trump,1
"for. 

trump",1
trump slows,1
report trump,1
insisting trump,1
deplatform trump,1
trump chickens,1
i’m trump,1
trump seeks,1
"gorka

trump",1
"vance
trump",1
trump afraid,1
trump way,1
hand. trump,1
hurt trump,1
pro-dumber trump,1
you. harris,1
violent trump,1
"actions.

trump",1
pressuring harris,1
offensive' trump,1
breaking  trump,1
"antivaxxer

trump",1
trump lays,1
trump sparks,1
trump unable,1
trump mocked,1
impeaching trump,1
force trump,1
cites trump,1
"treasury

trump",1
believe.  harris,1
trump ass,1
dumbass trump,1
swamp trump,1
trump corruption,1
epstein. trump,1
trump convinced,1
grant trump,1
ceo trump,1
warns trump,1
crypto's trump,1
"girl

trump",1
"hitler.

trump",1
"report-
harris",1
licking trump,1
variety trump,1
vindictive trump,1
gormless trump,1
california. trump,1
allegation. trump,1
"office. 
trump",1
trump latino,1
stalled trump,1
massive trump,1
go harris,1
stomach trump,1
competitive. trump,1
hopefully trump,1
game trump,1
nudes. trump,1
incorrect. trump,1
trump imupulsively,1
aren't trump,1
emphasizing trump,1
covered trump,1
debate. trump,1
"maybe. 
trump",1
job. trump,1
time harris,1
reality trump,1
opinion trump,1
air trump,1
lobbied trump,1
proclaiming trump,1
nostradumbass. trump,1
mispronounces harris,1
harris isn’t,1
feed trump,1
"charge.

trump",1
honest. trump,1
"attempts.

trump",1
harris ticket,1
country trump,1
trump policy,1
trump rs,1
trump super,1
you’re harris,1
out harris,1
"cabinet. 
trump",1
trump muslim,1
mind. trump,1
congresswoman-turned trump,1
"trump 

via",1
protesting trump,1
trump memes,1
trump 49.94,1
"challenges. 

harris",1
harris left,1
trump standing,1
.donald trump,1
if  trump,1
trump one,1
kalama harris,1
job. harris,1
genocide. harris,1
nor harris,1
labeling trump,1
harassed harris,1
harris continuing,1
term trump,1
positions. trump,1
"ago. 

trump",1
secured trump,1
trump aspires,1
diddy trump,1
freedom  trump,1
patriot. trump,1
providing trump,1
trump continuing,1
3rd trump,1
confident trump,1
year trump,1
"legal.  

trump",1
there's trump,1
"meme.
harris",1
"please. 

trump",1
afraid. trump,1
continues trump,1
trump showed,1
defines trump,1
bullshite.  trump,1
challenging trump,1
trump gained,1
trump combo,1
trump debated,1
harris as,1
fondling trump,1
snubbed harris,1
neocon trump,1
unsealed trump,1
harris woulda,1
harris fully,1
dome trump,1
tell harris,1
reinstall trump,1
rattling trump,1
slime harris,1
having harris,1
its harris,1
plays trump,1
snl’s trump,1
trump 'won,1
harris doing,1
"bullshit. 

trump",1
lately. trump,1
whining trump,1
"him

trump",1
"truth.
trump",1
substitute harris,1
trump pretends,1
fumble harris,1
upset trump,1
epic trump,1
a. trump,1
whyiresist trump,1
finding trump,1
dj trump,1
perceive. trump,1
back. trump,1
antisemitism. trump,1
bashed harris,1
jewish harris,1
critique trump,1
harris biden,1
appoint harris,1
tormented trump,1
apart trump,1
depriving trump,1
. harris,1
1972 trump,1
engage harris,1
start trump,1
trump mugshot,1
unions. trump,1
simple. trump,1
thinks  trump,1
trump unlikely,1
that. harris,1
trump latinos,1
trump retreats,1
trump exceeds,1
harris exceeds,1
diaper trump,1
trump plays,1
hanging trump,1
didn't. trump,1
wanted. trump,1
presaging harris,1
slandering harris,1
"freedom 

trump",1
maneuvers trump,1
saved harris,1
trump guys,1
gross trump,1
fast trump,1
exile trump,1
white trump,1
"lot. 

trump",1
missed trump,1
bc trump,1
trump cried,1
trump staff,1
depressing... trump,1
harris insulting,1
trump isnt,1
alarm...unfortunately trump,1
times. trump,1
eliminate trump,1
sick. trump,1
trump news,1
"night.

trump",1
"bid.

trump",1
"don't.

trump",1
me. harris,1
actually harris,1
giving harris,1
here's harris,1
harris waktz,1
america-attacking trump,1
"goods

trump",1
affirming trump,1
obnoxious trump,1
compromise trump,1
x trump,1
juega trump,1
trump smells,1
democrats. trump,1
offer trump,1
"crash.

trump",1
surrounding trump,1
"cabinet.

trump",1
trump cant,1
pa trump,1
trump fat,1
norrmalizing trump,1
fior trump,1
trump mixed,1
trump leads,1
beyond harris,1
outraged trump,1
trolling harris,1
point.  trump,1
"accomplishments.

harris",1
"americans.

trump",1
f’g trump,1
destroyed trump,1
return trump,1
shun harris,1
trump hands,1
trump boasts,1
see. trump,1
answers trump,1
bondi. trump,1
crosses trump,1
goon trump,1
"trump
fiel",1
introduce trump,1
harris instructed,1
class trump,1
you harris,1
trump tripled,1
downplaying trump,1
"anonymous
     trump",1
trump attempted,1
bec trump,1
trump chumps,1
backwards.   trump,1
"trap. 

trump",1
besides trump,1
"incompetence

trump",1
annoy trump,1
trump interviewing,1
vilify harris,1
trump barely,1
dismiss harris,1
breath. trump,1
thinking harris,1
can't trump,1
leader trump,1
herr trump,1
district trump,1
long. trump,1
"nation
trump",1
trump honors,1
fit' trump,1
taxes trump,1
trump going,1
leaning trump,1
trump art,1
trump blocking,1
harris tonight,1
"debate2024

trump",1
trump tonight,1
offered trump,1
failson trump,1
fight. trump,1
"fire. 

trump",1
beats trump,1
presidentelon. trump,1
picturing trump,1
achieving trump,1
rosa. trump,1
adopted trump,1
extended trump,1
z trump,1
trump became,1
argue harris,1
second-term trump,1
pursuing trump,1
füher trump,1
meet harris,1
hilarious trump,1
trump sub,1
checked trump,1
previous trump,1
dictator-king trump,1
trump putting,1
balances. trump,1
education. trump,1
trump tarnished,1
full trump,1
irritate trump,1
swap trump,1
t trump,1
"office. 

trump",1
harris got,1
"abbny
trump",1
trump 44,1
trump fan,1
elezioni trump,1
trump sta,1
rogan trump,1
sharing trump,1
bucking trump,1
charlatans trump,1
is. trump,1
two. trump,1
trump cares,1
trump camp,1
"cked. 

trump",1
influence trump,1
"enemies. 

trump",1
trump draft,1
voldemort trump,1
trump official,1
campaign.  trump,1
lyin'rs...all trump,1
here...treating trump,1
retribution trump,1
"expediency.
trump",1
trump embraces,1
"watch. 
trump",1
telling harris,1
counteract trump,1
kidding. trump,1
debasement trump,1
"shit
trump",1
"shit.
trump",1
only harris,1
springfield. trump,1
checking trump,1
fking trump,1
harris stood,1
voters. trump,1
preferred trump,1
trump dancing,1
anti-donald trump,1
implying trump,1
2022. harris,1
"with 
trump",1
harris cases,1
trump unisex,1
usa trump,1
trump raised,1
bar harris,1
free trump,1
trump shot,1
sleeveless trump,1
judge trump,1
signature harris,1
literally trump,1
complimenting trump,1
"breeze

trump",1
trump sidelines,1
could harris,1
leninist harris,1
awakening. trump,1
"poore
trump",1
know. trump,1
insures trump,1
trump rages,1
come trump,1
russia. trump,1
"image
trump",1
trump stains,1
picking harris,1
shredding trump,1
harris underperforms,1
harris spokesman,1
deutsche trump,1
finally trump,1
consistent trump,1
trump enjoyed,1
trump referred,1
tariffs. trump,1
trump presents,1
trump paid,1
people.  trump,1
heil trump,1
"america. 

trump",1
harris debate,1
enthusiastic trump,1
"column

trump",1
friend trump,1
transactional trump,1
trump right-leaning,1
havoc trump,1
pissing trump,1
fucking harris,1
trump porn,1
eh.  trump,1
trump ends,1
"fiat.
trump",1
"action.
trump",1
large trump,1
anything harris,1
props. trump,1
bros. trump,1
about  trump,1
trump triples,1
beclown trump,1
donald. trump,1
trump enters,1
damn. trump,1
measure. trump,1
plus harris,1
trump followers,1
"9
harris",1
"61
harris",1
"48
harris",1
"58
harris",1
cowardly trump,1
"patriot 

trump",1
becomes trump,1
savior. trump,1
denies trump,1
dirty-deeding trump,1
demographic trump,1
trump filling,1
garbage trump,1
recognized trump,1
twitter.  trump,1
"traitor.

trump",1
criticises trump,1
can’t. trump,1
trump strikes,1
"better. 

trump",1
trump surrogates,1
expects trump,1
harris takes,1
emasculated trump,1
trump delendus,1
go. trump,1
"trump
f",1
try trump,1
"putin
trump",1
trump appeared,1
fo trump,1
trump deserves,1
"incels
trump",1
7-2 trump,1
fairness trump,1
saudi's trump,1
wanting trump,1
trump trots,1
harris sign,1
trump revives,1
trump swing,1
lgbt trump,1
"way.

trump",1
spoken. trump,1
"together.

trump",1
lukewarm trump,1
trump tried,1
harris answered,1
game. harris,1
"insane. 

trump",1
god.. trump,1
trump advertised,1
facing trump,1
tyrant trump,1
understand harris,1
trump enjoys,1
agency trump,1
f--k trump,1
welcomed trump,1
hey harris,1
placing trump,1
corporate trump,1
replacing harris,1
harris hasn't,1
beleifs trump,1
loathsome trump,1
nailing trump,1
trump plot,1
harris pledges,1
trump three,1
f. trump,1
"boycottwsj

trump",1
538's harris,1
sjå trump,1
i trump,1
everywhere trump,1
continuing trump,1
trump insulted,1
vote. trump,1
holding harris,1
showed harris,1
risk trump,1
fever. trump,1
"language. 

harris",1
trump pulled,1
trump boys,1
fellate trump,1
specific trump,1
needed trump,1
straight. trump,1
harris intvw,1
immediate trump,1
check trump,1
bastard trump,1
abysmally trump,1
de harris,1
comparé trump,1
"choice. 
harris",1
trump alleges,1
fellating trump,1
suggest harris,1
78-yo trump,1
morons trump,1
dumb-old trump,1
mister trump,1
een trump,1
trump maakt,1
trump wil,1
flatters trump,1
harris top,1
"keep.
trump",1
traumatised. trump,1
pie. trump,1
sky. trump,1
loyalty trump,1
sign trump,1
hypothetical harris,1
proposed harris,1
trump debate,1
"it

trump",1
"1
trump",1
"pick's 
trump",1
"none

trump",1
"nutshell

trump",1
harris protest,1
rights. trump,1
"truly.

trump",1
agents.  trump,1
trump revolving,1
expalin trump,1
cause trump,1
numbering. trump,1
defeats trump,1
often.  trump,1
dislikes trump,1
posts trump,1
trump heading,1
omfg trump,1
harris earns,1
tonight trump,1
impact trump,1
galled trump,1
imagine.... trump,1
un-american. trump,1
us. trump,1
voters trump,1
changing trump,1
supply trump,1
manipulated harris,1
"weak.
trump",1
"corrupt.
trump",1
grateful trump,1
harris teamed,1
harris responds,1
harris receipts,1
"do. 
trump",1
"president. 
trump",1
trump sees,1
trump roils,1
harris dnc,1
"endorsed 
harris",1
"months
harris",1
"ppl
harris",1
"state 
harris",1
"283m
harris",1
"314m
harris",1
trump nov,1
trump currently,1
ajudar trump,1
trump reivindica,1
trump queima,1
walk trump,1
approved trump,1
humanity. trump,1
acusa trump,1
trump conclude,1
valley’s trump,1
"for 

trump",1
yea. harris,1
suis trump,1
harris seized,1
general. trump,1
trump hated,1
1 harris,1
trump redux,1
frustrated trump,1
veterans trump,1
lololol trump,1
realizing trump,1
install trump,1
boot trump,1
one. trump,1
congressman trump,1
rich trump,1
stole trump,1
saggy trump,1
thats trump,1
harris vs,1
portray trump,1
deplores trump,1
trump believes,1
jailing trump,1
banish trump,1
fat trump,1
crushed trump,1
trump yet,1
vaginas-jailhouse trump,1
showed trump,1
these harris,1
recognised trump,1
anywhere. trump,1
slow trump,1
covid trump,1
onto trump,1
"blocked
trump",1
boosted trump,1
removing trump,1
suppose trump,1
trump inflation,1
trump grocery,1
trump insulin,1
trump tax,1
trump housing,1
trump immigration,1
trump cuts,1
trump health,1
"forgot.

trump",1
gaza. harris,1
hostages. trump,1
cost trump,1
boy trump,1
"not.
trump",1
harris supports,1
icing trump,1
queen trump,1
envious. trump,1
"back

trump",1
gain trump,1
harris judges,1
"testing.
trump",1
"shocked.

trump",1
trump asks,1
"unqualified.
trump",1
however trump,1
lmao trump,1
hopes trump,1
blue trump,1
"states.  

trump",1
reach trump,1
throwing trump,1
harris courts,1
suggest trump,1
sues trump,1
trump ex-deputy,1
trump special,1
trump auto,1
"abuse. 

trump",1
"difference. 

trump",1
going harris,1
prevents trump,1
void trump,1
trump culture,1
trump shapes,1
co. trump,1
kennedy...where trump,1
2028. trump,1
million trump,1
"work.

trump",1
earth trump,1
tacky trump,1
standards. trump,1
includes trump,1
"part

trump",1
harris sees,1
harris running,1
harris doesn't,1
"for
trump",1
harris any,1
form trump,1
wtg trump,1
trump praising,1
praise trump,1
position. trump,1
optics.  trump,1
costs.  trump,1
"politics
harris",1
assails trump,1
billionaire trump,1
enemies. trump,1
trump spoke,1
deserve trump,1
female harris,1
terrible.  trump,1
"it. 
trump",1
outflank trump,1
asking trump,1
left trump,1
posting trump,1
"line. 

trump",1
yay trump,1
popular trump,1
exact. trump,1
researching trump,1
cited trump,1
everyday trump,1
indeed... trump,1
shy harris,1
tells harris,1
the  trump,1
"days.

trump",1
shit. trump,1
changers. trump,1
trump 4,1
"things

trump",1
favoring harris,1
urge trump,1
resounding trump,1
snub trump,1
handing trump,1
proud trump,1
leadership. trump,1
excite trump,1
remember harris,1
garden. harris,1
trump prioritizes,1
trump rules,1
liked harris,1
dumbass. trump,1
fuhrer trump,1
"efficiency

trump",1
considering trump,1
stickers. trump,1
taking harris,1
insulting trump,1
pisses trump,1
"ave 
trump",1
trump bragged,1
trump repeatedly,1
dislike harris,1
defnitely trump,1
trump describes,1
rivals. trump,1
college trump,1
nonsense. trump,1
trashing harris,1
independence. trump,1
trump americans,1
within trump,1
trump punts,1
"democracy.  

trump",1
prez trump,1
supposed trump,1
wouldn't trump,1
blowing trump,1
misogynistic trump,1
trump instantly,1
trump hammered,1
trump s,1
"poverty

trump",1
trump  in,1
demented trump,1
deport trump,1
idiotic trump,1
feels trump,1
trump portrayed,1
"lies
trump",1
"antisocial. 
trump",1
harris agrees,1
results. trump,1
twitter's trump,1
harris except,1
f-ing trump,1
our trump,1
trump famously,1
"week.

harris",1
5. harris,1
suddenly. trump,1
nominate trump,1
oh trump,1
senators trump,1
once-again-president trump,1
trump creates,1
trump split,1
trump betrays,1
trump ups,1
78yo trump,1
trump under,1
trump website,1
jesus trump,1
but... trump,1
look trump,1
brilliant trump,1
ridiculous. trump,1
trump delegitimized,1
tsp. trump,1
lifestyle. trump,1
leader. trump,1
trump forgot,1
horrific trump,1
unorthodox trump,1
trump law,1
trump broadens,1
rapist-felon trump,1
mfing trump,1
jessica trump,1
"lives. 

trump",1
trump fascist,1
trump reposts,1
trump referring,1
leon trump,1
jaj's trump,1
jaj trump,1
anxious trump,1
may trump,1
notice trump,1
junk. trump,1
plane trump,1
trump bromance,1
blaming trump,1
two trump,1
mispronouncing harris,1
trump forum,1
seek trump,1
outran harris,1
trump alumni,1
trump escalates,1
jacked trump,1
voice.... harris,1
re-elect trump,1
scares trump,1
grilling trump,1
law trump,1
either trump,1
particular trump,1
idk trump,1
"today.

trump",1
garden. trump,1
trump during,1
deniability. trump,1
reverse trump,1
trump he,1
doesn’t harris,1
trump already,1
wins trump,1
job trump,1
"facts.

trump",1
regurgitated trump,1
convinced harris,1
evil. trump,1
republicans. harris,1
like. harris,1
"again. 
trump",1
omg trump,1
trump battery,1
impressed harris,1
today's trump,1
catch trump,1
build trump,1
failed harris,1
nft trump,1
nope trump,1
trump fleeced,1
unifying trump,1
worry trump,1
paying trump,1
trump out,1
nationalist trump,1
"this.

trump",1
trump turkeys,1
despises trump,1
"winner
trump",1
trump exiles,1
bid. harris,1
experience trump,1
monster trump,1
trump insanity,1
image trump,1
trump voters....fuck,1
second-guess harris,1
"it. 

harris",1
agenda trump,1
trump pastor,1
fakd trump,1
gets harris,1
end-of-campaign trump,1
loyal trump,1
cent trump,1
anti-intellectual trump,1
rumors trump,1
ffs trump,1
pissed-off trump,1
xenophobes. trump,1
god. trump,1
away. trump,1
trump annoucing,1
moment trump,1
signs trump,1
christ trump,1
exposes trump,1
"trump
cluster",1
trump reps,1
soft harris,1
slight trump,1
enraging trump,1
spelled trump,1
lawyer trump,1
tune trump,1
states trump,1
delaying trump,1
trump drudge,1
"boss

trump",1
trump offered,1
"bullshit 

trump",1
drowsy trump,1
stupidity. trump,1
"jail

trump",1
screw harris,1
harris campaigns,1
impeached trump,1
pre-election trump,1
trump heavily,1
"junkie

trump",1
swank trump,1
trump international,1
"d.c.

trump",1
"healthy.

trump",1
"2025. 

trump",1
trump widens,1
trump pardons,1
harris brought,1
"uk

trump",1
examine trump,1
"rage...

trump",1
trigger trump,1
harris choice,1
down. trump,1
"harris

only",1
election2024 trump,1
fear harris,1
trump gushes,1
"machine
trump",1
her trump,1
"citizens. 
trump",1
harris opens,1
underestimated trump,1
trans. trump,1
trump rolling,1
hasn't trump,1
today harris,1
rich harris,1
predictably trump,1
gaza. trump,1
keeps trump,1
million harris,1
sins trump,1
"america

trump",1
harris statement,1
dr trump,1
edition trump,1
reminds trump,1
l trump,1
seed trump,1
accuracy trump,1
on  trump,1
trump cartoons,1
trump worship,1
muslim-american trump,1
"michigan-

trump",1
embarrass trump,1
trump fills,1
trump left,1
big harris,1
things harris,1
harris made,1
dismissed trump,1
manipulates trump,1
harris voter,1
considered harris,1
trump enacting,1
defend harris,1
off. trump,1
"lost.

trump",1
renamed trump,1
harris still,1
events.  trump,1
trump promising,1
"1798

trump",1
trump holds,1
harris victory,1
lock trump,1
"chant.

trump",1
"awake 
trump",1
trump attacks,1
dogs. trump,1
trump plots,1
attends trump,1
trump florist,1
reported trump,1
trump thinking,1
accept harris,1
trump felt,1
conversation trump,1
running harris,1
"warned....repeatedly. 
trump",1
candidate harris,1
trump dreams,1
remembered trump,1
"nation.

trump",1
trump starts,1
harris vibes,1
harris came,1
trump 'is,1
combat trump,1
right.  trump,1
kamla harris,1
wait. trump,1
"hands

trump",1
trump telling,1
educate trump,1
imo trump,1
pulling trump,1
grand trump,1
disqualifies trump,1
trump entrusts,1
irrational. trump,1
miss harris,1
actual trump,1
white-washing trump,1
yeah...first trump,1
absorbing trump,1
maniac trump,1
battles trump,1
harris keeps,1
trump urged,1
trump lamented,1
trump ranting,1
poll harris,1
doubt harris,1
deteriorating trump,1
electoral harris,1
trump received,1
boost harris,1
"2017-2021. 

trump",1
56 trump,1
trump secures,1
trump quote,1
trump means,1
problems harris,1
trump nom,1
paywalls. trump,1
inbred trump,1
want. trump,1
shocked harris,1
ever trump,1
bullshit trump,1
meaning. trump,1
darkness. trump,1
harris taunts,1
capitalize trump,1
presidents trump,1
therefore trump,1
voting. trump,1
conditions.  trump,1
owned trump,1
mamala harris,1
"shame.

trump",1
worried trump,1
de-normalized trump,1
trump unleashes,1
trump reacts,1
45-65 trump,1
ex-top trump,1
harris sucks,1
"distress.
trump",1
egotistical trump,1
harris falls,1
trump they,1
likely harris,1
really. trump,1
radical trump,1
close trump,1
bonus trump,1
electorate trump,1
"donnie. 

trump",1
become harris,1
full-on trump,1
trump bad,1
trump guilty,1
praised trump,1
yes- trump,1
prosecuted trump,1
reaon trump,1
miserable trump,1
trump succeeeds,1
harris having,1
pronouncements trump,1
anyone trump,1
demcracy.  trump,1
cancels trump,1
trump accountable,1
accusing harris,1
asshole trump,1
manhandle trump,1
member trump,1
trump gave,1
awesome trump,1
harris yard,1
"america
trump",1
prickies trump,1
trump heckler,1
trump hit,1
trump enablers,1
encountered trump,1
trump campaign's,1
rather harris,1
way harris,1
ballot harris,1
harris displays,1
trump asshole,1
mystify trump,1
no. trump,1
trump excels,1
"honest.

trump",1
dumbest trump,1
dumb trump,1
trump declines,1
local harris,1
leftist trump,1
company harris,1
darnold trump,1
trump smells'https,1
harris enlisting,1
"candidate. 
trump",1
"january. 
trump",1
"2020.
trump",1
seeing harris,1
unlike harris,1
addresses trump,1
que trump,1
joker trump,1
his harris,1
disorganized trump,1
2. trump,1
ben trump,1
eth trump,1
bribe trump,1
spared trump,1
underlying harris,1
alienate trump,1
economy. trump,1
trump conservatives,1
onald trump,1
freedoms. trump,1
tipped trump,1
strong harris,1
trump writes,1
"decade.

trump",1
trump before,1
trump whatever,1
inconvenience. trump,1
"harris 
https",1
welcomes harris,1
young trump,1
contest trump,1
successful trump,1
funny trump,1
trump attracts,1
harris inelible,1
january.  trump,1
nah. harris,1
trump confusingly,1
trump trying,1
comrade trump,1
ridiculed trump,1
trump 215,1
native trump,1
25 trump,1
harris stance,1
trump sought,1
ass trump,1
acquit trump,1
learning trump,1
policy. harris,1
"trump

truth",1
"work

harris",1
ridiculing trump,1
fearing trump,1
there. trump,1
revenue trump,1
validated. trump,1
trump cuck,1
fragile trump,1
respecting trump,1
trump voting,1
trump credentials,1
trump checklist,1
fvck trump,1
harris pulls,1
doesn’t trump,1
unqualified trump,1
demonstrate trump,1
roasting trump,1
handling trump,1
drive. trump,1
paraphrase trump,1
ranked trump,1
care. trump,1
"trump
1",1
review trump,1
"dems

trump",1
"him.

trump",1
trump spends,1
worse trump,1
slicker trump,1
"visit

trump",1
frigging trump,1
diminish trump,1
tiktok. trump,1
"putin...

trump",1
76.6m trump,1
"death.

trump",1
trump signage,1
harris fundraising,1
charges. trump,1
taught trump,1
couple trump,1
ordered trump,1
trump expotus,1
"election

harris",1
"policies.

trump",1
danger trump,1
trump introducing,1
troubling trump,1
"rivals. 
trump",1
recognise trump,1
morning. trump,1
powered trump,1
harris beat,1
"business.

trump",1
miss trump,1
trump jobs,1
redneck trump,1
squeezed trump,1
"sand.
trump",1
underreacting.  trump,1
trump picking,1
harris break,1
trump leans,1
considered trump,1
trump appeals,1
mala harris,1
"guests.

harris",1
trump raped,1
"with. 

trump",1
pixelate trump,1
onwards trump,1
"charges.

trump",1
kidnapped trump,1
trump personally,1
early trump,1
betraying harris,1
it’s harris,1
trump day,1
jedi-level trump,1
britain's trump,1
trump having,1
stellar trump,1
musk.  trump,1
harris coming,1
choosing harris,1
trump throwing,1
trump embarked,1
visit trump,1
trump proof,1
campaign harris,1
embraced trump,1
restrains trump,1
"poor.
trump",1
failed trump,1
prices. trump,1
knows trump,1
trump it,1
trump understands,1
"jr.  

trump",1
general trump,1
trump arrives,1
arizona trump,1
under-estimated trump,1
chastise trump,1
joe.  trump,1
trump copied,1
denial.  trump,1
kamala  harris,1
"harris

today's",1
harris re,1
dipshits trump,1
trump seen,1
barren trump,1
100 trump,1
"trump 

and",1
city. trump,1
line harris,1
isn’t harris,1
harris does,1
trump lol,1
updated trump,1
etc..when trump,1
trump wastes,1
heckled harris,1
well... trump,1
trump works,1
saved trump,1
but...but...but trump,1
targeted harris,1
prospective harris,1
trump stares,1
senile trump,1
trump commits,1
quo. trump,1
bit trump,1
asked harris,1
post-donald trump,1
harris pulled,1
sorry trump,1
kicking trump,1
con trump,1
humping trump,1
trump discusses,1
harris reportedly,1
harris disappears,1
suggests trump,1
wonder harris,1
"soul.

trump",1
never. trump,1
court’s trump,1
harris administration’s,1
quote trump,1
praying trump,1
quit trump,1
"politics.

trump",1
restoration. trump,1
senior trump,1
urging trump,1
problem. trump,1
special trump,1
harris not,1
ked trump,1
sa trump,1
gen-x trump,1
china. trump,1
press trump,1
understanding trump,1
"crypto.

trump",1
course. trump,1
2024. trump,1
harris this,1
opposed harris,1
today. trump,1
homophobe trump,1
"x.

trump",1
trump adopts,1
trump politicized,1
pres. trump,1
patriotism.  trump,1
jokers trump,1
trump  convicted,1
harris 48.2,1
trump 49.9,1
explicates trump,1
undoubtedly trump,1
sooner harris,1
note trump,1
"first.

trump",1
"himself.

trump",1
"sociopath.

trump",1
huff trump,1
admits trump,1
"anonymous 

trump",1
meaningless. trump,1
trump supported,1
response. trump,1
ourselves trump,1
trump lives,1
seditionist trump,1
se trump,1
trump montou,1
era trump,1
skinnier trump,1
obergruppenführer trump,1
fraud. trump,1
morons. trump,1
trump  says,1
trump group,1
place. trump,1
trump pretended,1
harris future,1
shooting trump,1
picture. harris,1
trump used,1
new. trump,1
worthwhile.  trump,1
reopen trump,1
frighten trump,1
threatening trump,1
relentless harris,1
endorsement harris,1
enforce trump,1
duping trump,1
trump lawyers,1
trump hires,1
harris herself,1
johnson’s trump,1
trump teen,1
ur trump,1
harris wasn't,1
disgrace trump,1
harris county,1
appease trump,1
trump shows,1
"twice.

trump",1
mandate trump,1
trump delayed,1
"cabinet. 

trump",1
"explain 

trump",1
evidence harris,1
question harris,1
outnumber trump,1
said. trump,1
frames trump,1
trump sells,1
shitstain trump,1
visited trump,1
harris practically,1
appointed trump,1
harris committed,1
unless harris,1
anymore. trump,1
kama harris,1
mocking trump,1
did. trump,1
fyi. trump,1
trump foments,1
trump  2.0,1
"roles.

trump",1
trump raw-dogging,1
lean trump,1
dream trump,1
administration. trump,1
"guys. 

trump",1
shorter trump,1
trump earned,1
dass harris,1
gegen trump,1
mandate. trump,1
suggesting trump,1
attributing trump,1
24 trump,1
todays trump,1
fyi- trump,1
trump advisers,1
harris policies,1
but. harris,1
trump 1.0,1
survives trump,1
trump convicted,1
fickle trump,1
"trumpism 
trump",1
"reminder...
trump",1
musk trump,1
addressing trump,1
"shocker. 

trump",1
"saying. 

trump",1
trump fait,1
trump est,1
l’unanimité trump,1
brightside. trump,1
changes harris,1
trump gonna,1
yesterday's trump,1
trump guy,1
trump decides,1
holocaust harris,1
punished trump,1
republican harris,1
liz harris,1
missed harris,1
didn't harris,1
yes trump,1
threat. trump,1
rebuke trump,1
trump steps,1
urged trump,1
normalising trump,1
"emails
trump",1
trump brains,1
wonderful trump,1
court's trump,1
viciously trump,1
"now 

trump",1
08. trump,1
"diaper.

trump",1
trump wears,1
trump administration's,1
put harris,1
again. harris,1
"trump

let’s",1
cheering trump,1
shawn harris,1
trump prepares,1
smart trump,1
entering trump,1
m. trump,1
harris scores,1
"within

trump",1
trump escapes,1
open trump,1
affect trump,1
"criminal.

trump",1
"election
trump",1
genuine trump,1
"misogyny.
harris",1
trump reveals,1
trump teach,1
"signs.

trump",1
"onevoiceonefight
harris",1
fb trump,1
counted. trump,1
do. harris,1
favored trump,1
appeasement. trump,1
trump anarchy,1
moscow trump,1
clueless trump,1
would-be harris,1
"anticipating 
trump",1
gibberish. harris,1
trump fuck,1
kackala harris,1
several trump,1
metal trump,1
"trump

some",1
good. trump,1
advised trump,1
meeting. trump,1
liberated trump,1
andy harris,1
york. trump,1
world trump,1
advance trump,1
renounce trump,1
true. trump,1
twink trump,1
"life.
trump",1
serving trump,1
trump stirs,1
harris dramatically,1
avalanche. trump,1
years  trump,1
order. trump,1
correct. trump,1
trump met,1
ways harris,1
trump uniting,1
puppeting trump,1
cite trump,1
failure. harris,1
unstable' trump,1
hold harris,1
"literally. 

trump",1
invites trump,1
polling. harris,1
condemning harris,1
trump almost,1
"wondering

trump",1
"house. 

trump",1
project2025 trump,1
"off
harris",1
"withdraw.
trump",1
spineless. trump,1
nyt-bestselling trump,1
lie. trump,1
translate trump,1
"parasite

trump",1
"that.

trump",1
malcolm harris,1
wanted harris,1
abandoned harris,1
emotional harris,1
announcing trump,1
tromping trump,1
observing trump,1
trump toady,1
someday trump,1
problems. harris,1
trump digs,1
refuse trump,1
2025.  trump,1
cnn trump,1
pretended harris,1
trump democrat,1
"mar-a-lago.
trump",1
trump 2016-20,1
al. trump,1
"weirdo.
trump",1
trump pardoned,1
covers harris,1
"met.

trump",1
ie trump,1
trump taking,1
trump served,1
trump kicks,1
trend. trump,1
hosting trump,1
ruins trump,1
harris i,1
trump idą,1
kamalę harris,1
trump natychmiast,1
trump wyraźnie,1
pan trump,1
czy trump,1
candidates harris,1
harris chases,1
enter trump,1
trump faces,1
harris 74,1
trump acceptance,1
trump dark,1
"time
trump",1
trump adds,1
philadelphia-specific harris,1
trump a,1
trump musk,1
us harris,1
harris wanted,1
celebrated trump,1
logic trump,1
usual trump,1
cuz trump,1
disqualifying trump,1
those harris,1
slamming harris,1
trump tariff’s,1
duck trump,1
"semen.

trump",1
"trump
what",1
are.  trump,1
trump loyalist,1
forbids trump,1
picture trump,1
dumping trump,1
acquaintance trump,1
fück trump,1
our harris,1
harris tells,1
appreciate harris,1
expected trump,1
easily trump,1
destroying trump,1
reelcted trump,1
musk’s trump,1
trump condemned,1
trump accusers,1
trump nationally,1
declares trump,1
"open.

trump",1
unvaccinated trump,1
trump elects,1
backs trump,1
donal trump,1
knew harris,1
carrying trump,1
trump guest,1
move trump,1
harris abandoned,1
authoritarian trump,1
harris position,1
before. trump,1
"snyder 
trump",1
trump pleaded,1
"ballot
trump",1
career. trump,1
"trump
            bypassing",1
"whittmer 
harris",1
trump navigating,1
admire trump,1
hear harris,1
holidays.  trump,1
"around. 

trump",1
lost harris,1
skibidi trump,1
trump paying,1
fulfilled harris,1
votes trump,1
blocked trump,1
jr.-emulating trump,1
speak trump,1
trump caught,1
combines trump,1
trump destroying,1
woman trump,1
ppl trump,1
trump border,1
later harris,1
with. trump,1
today trump,1
trump fails,1
"wall'...
trump",1
full harris,1
facts. trump,1
trump holy,1
trump elected,1
"holyyyyfuckingshiiiiiittttttt

trump",1
trump mercurial,1
trump foiled,1
ensured trump,1
policy trump,1
absurd trump,1
studied trump,1
post-debate. trump,1
border. trump,1
block harris,1
trump confuses,1
voted. harris,1
terrible trump,1
trump shooter,1
snuff trump,1
dominate trump,1
rambling trump,1
trump campaigns,1
read. trump,1
posted trump,1
trump store,1
misogynist trump,1
spineless trump,1
"acceptable. 

trump",1
tainted. trump,1
"guess.....

trump",1
thrilled trump,1
harris 2032,1
discussing trump,1
leaving trump,1
trump future,1
dysfunctional trump,1
problem harris,1
trump suffers,1
"themselves. 
trump",1
strip trump,1
trump officially,1
mention trump,1
harris selected,1
trump nsc,1
week's. trump,1
deserved trump,1
trump killing,1
elon's trump,1
"trump
also",1
trump example,1
competitive trump,1
d's trump,1
"threat

trump",1
cult. trump,1
harris promised,1
relieved trump,1
pervert trump,1
doctor trump,1
trump eyeing,1
lobbyist. trump,1
"jr

trump",1
knocking trump,1
wtf. trump,1
trump adviser,1
herbert trump,1
hosting harris,1
upstage trump,1
trump go,1
trump proclaimed,1
slap trump,1
careful. trump,1
controversial trump,1
values trump,1
ridiculous trump,1
uspoli trump,1
address trump,1
income trump,1
navy. trump,1
energy trump,1
ok trump,1
licked trump,1
ecosystem trump,1
"other.
trump",1
laisha harris,1
heed. trump,1
"2024.

trump",1
wars...sdi... trump,1
trump park,1
trump actively,1
accordingly. trump,1
harris dems,1
asking harris,1
trump fake,1
has harris,1
troubling. trump,1
fscking trump,1
"choice.

harris",1
poc trump,1
side. trump,1
moment. trump,1
"schumer

trump",1
era. trump,1
donald trump,1
third trump,1
trump ’s,1
trump aside,1
rip trump,1
ahh trump,1
trump vetting,1
promise. trump,1
backstabs trump,1
always trump,1
respects trump,1
slått trump,1
tror trump,1
og trump,1
dana-bro. trump,1
surprising trump,1
"positions.

trump",1
freaks. trump,1
worshipping trump,1
outlive trump,1
politics. trump,1
circumstances trump,1
trump proven,1
trump path,1
main trump,1
depressing harris,1
harris messages,1
trump influencer,1
"media

trump",1
trump could've,1
realizes trump,1
above trump,1
trump повідомив,1
alas. trump,1
zero trump,1
"authentic

trump",1
mattered. harris,1
trump impact,1
realize harris,1
satisfy trump,1
"crazy.

trump",1
trump march,1
building trump,1
better harris,1
trump inheriting,1
brown trump,1
godemperor trump,1
"trump
selling",1
via harris,1
harris sold,1
"guys-

trump",1
nonstop harris,1
trump triumphalism,1
cnn. trump,1
vs. harris,1
discussed trump,1
eyes trump,1
boastful trump,1
"trump 
post",1
trump drunk,1
trump worked,1
trump sowing,1
trump reaping,1
criminal  trump,1
"vp.
harris",1
"fear 
trump",1
shy trump,1
crimes trump,1
obliterates trump,1
