candidate,phrase,type,post_count,example_1,example_2,example_3
Trump,trump,variant,35454,"I don't see how you read ""We are withholding our endorsement out of fear that, should he win, Donald Trump will retaliate against our newspaper"" as anything but a giant ""VOTE KAMALA HARRIS!!!!!!!!"" statement.","I don't see how you read ""We are withholding our endorsement out of fear that, should he win, Donald Trump will retaliate against our newspaper"" as anything but a giant ""VOTE KAMALA HARRIS!!!!!!!!"" statement.",Just in case you thought you were doing something other than helping elect Trump by voting for Jill Stein
Harris,harris,variant,9871,"I don't see how you read ""We are withholding our endorsement out of fear that, should he win, Donald Trump will retaliate against our newspaper"" as anything but a giant ""VOTE KAMALA HARRIS!!!!!!!!"" statement.","I mean so do I, there's several people I'd want over Harris. That's...not the same as refusing to vote for or support Harris in THIS election.

Someone criticizing Harris for specific positions does not automatically equal ""will not vote for her""","All my doom and gloom aside. If Harris needs a boring, bland white guy to balance the ticket...I'm available."
Harris,kamala,variant,8371,"I don't see how you read ""We are withholding our endorsement out of fear that, should he win, Donald Trump will retaliate against our newspaper"" as anything but a giant ""VOTE KAMALA HARRIS!!!!!!!!"" statement.","I don't see how you read ""We are withholding our endorsement out of fear that, should he win, Donald Trump will retaliate against our newspaper"" as anything but a giant ""VOTE KAMALA HARRIS!!!!!!!!"" statement.",Kamala Harris is very good at this.
Trump,donald,variant,7605,"I don't see how you read ""We are withholding our endorsement out of fear that, should he win, Donald Trump will retaliate against our newspaper"" as anything but a giant ""VOTE KAMALA HARRIS!!!!!!!!"" statement.","I don't see how you read ""We are withholding our endorsement out of fear that, should he win, Donald Trump will retaliate against our newspaper"" as anything but a giant ""VOTE KAMALA HARRIS!!!!!!!!"" statement.","Not to get too political on here, but I really hope that Donald Trump does not win the presidential election. 

I think that'd be bad!"
Trump,trumps,variant,522,donald trumps hiring people with the one qualification needed:  need to be pedophile,"You all do realize that this point we could literally get a restraining order against many of trumps picks to not be allowed near schools. You do realize that. 

LETS MAKE AMERICA GREAT. 

Yeah NOT THIS WAY",Seems like sexual assault is a pre-requisite to be on Trumps cabinet
Trump,mcdonald,variant,223,"Trump propagandists went full North Korea over his McDonald's stunt, but the story right now is all about his refusal to answer questions about the minimum wage.

On the pod, @anonymous is great on how Harris's life experiences inform her policy agenda:
https://anonymous","If You Want McDonald to go Prison, Vote for Harris and Democrats.",Ask yourself why Trump was like a dog with a bone about Kamala Harris’ McDonald’s job.   He couldn’t go a day without bitching about it and yet not a word about an assassination attempt on his life that left two dead.
Trump,trumpism,variant,154,"Jasmine Crockett is challenging Debbie Dingell for chairmanship of the Democratic Policy and Communications Committee. 

I’m sorry but this is a no-brainer. If we are going to defeat Trumpism we need to turn the page on our defunct comms strategies.

Let’s go, Jasmine!","I want my first viral post on Bluesky to be about how much I hate Trumpism.

It’s ruined this country.",I can’t help that Trumpism is a cult I can tell sane people to not focus on fringe issues.
Trump,trumpers,variant,141,Found out Nara Smith & her toothpick eating husband are trumpers 👎🏻,Trumpers are currently facing a very rude awakening…,"Just as there are ""Never Trumpers"" the there are also ""Never Trudeau""

Justin Trudeau could implement every single Policy that Poilievre is asking for - & ""Never Trudeau"" crowd would still hate Trudeau"
Trump,anti-trump,variant,116,"Anti-Trump protesters rally in U.S. cities. ""On Wednesday night, demonstrators took to the streets in Chicago, New York and Philadelphia to protest Trump’s win."" https://anonymous And D.C., Seattle, Pittsburgh, etc.",Kamala Harris ran a campaign that spent hundreds of millions of dollars courting anti-Trump Republicans. A group that is largely a figment of the Democrat’s imagination.,"My anti-Trump endorsement republished today at Ordinary Times:
ordinary-https://anonymous"
Trump,trumper,variant,73,"This extreme anti Trumper thinks we voted for Trump to keep the status quo. No motherfucker we voted for the fucking wrecking ball. Enough pillaging and stealing our natural treasure to enrich the UniParty. 

This applies to embezzlers from both sides.","Just had some idiot Trumper screaming at me about how a world without Dems would bring world peace, because yeah, Trump inciting violence, Trump's insurrection, threatening war crimes, and praising Hitler definitely shows the GOP is the party of peace.","Kamala getting near an Obama 08 level electoral performance would be so delicious for not just the Trumper tears but also the ""we need an open primary""/""she shoulda picked Shapiro""/""shes blowing it by not being anti-trans"" centrist crowd. how fucking great would that be to see them repudiated"
Harris,biden-harris,variant,51,"The Biden-Harris administration continues to move further to the right, is refusing to increase protections before Trump takes office, and Harris, a VP with no power and nothing to lose, has said nothing about the genocide. 

When people show you who they are, believe them.","CNN’s Kaitlin Collins: “With this speech and her earlier call conceding the race, #Harris is affording #Trump what he did not afford to the incoming Biden-Harris administration: a commitment to a peaceful transition of power and acknowledgment of a legitimate victory.”",Another Black federal judge confirmed! Biden-Harris Admin is delivering til the very end! ✊🏾
Harris,harris-walz,variant,47,"Please repost and drop a 💙 if you’re here, you voted for Harris-Walz, and you’re ready to keep fighting for our values. 

I’ll follow as many of you back today as I can. ✌️","Kansas, Missouri, Nebraska Teamsters endorse Harris-Walz ticket | via Anna Kaminski #ksleg",Red-state Democratic legislators praise Harris-Walz ticket for invigorating voters https://anonymous
Trump,trumpflation,variant,47,TRUMPFLATION TARIFFS,TRUMPFLATION OUT OF CONTROL,Brace yourself for Trumpflation.
Trump,trumpy,variant,45,"Boris Epshteyn being accused of pay-to-play is very Trumpy…

https://anonymous","I mean, even RFK Jr. said at least Hitler had a policy. Trumpy is just a walking-talking hypocrite with dementia. The way he keeps changing his whole mind, our only worry may just be(yet again) that he could send out nukes any second.","Take your own advice.

Trumpy will take credit for the lowest inflation and best economy in the world.

Same way he did after inheriting Obama’s economy.

That’s what he does. He only inherits monetary gains but will always blow it. Look at his bankruptcies, business venture failures, et cetera."
Trump,trumpian,variant,44,"Hey! First post, post election after nauseating results.

Can't take Elon's ""Toxic Trumpian Twitter"" any longer and will need an outlet to vent for 4 more nightmare years.

Please follow and will follow back as many as I can!","Hey! First post, post election after nauseating results.

Can't take Elon's ""Toxic Trumpian Twitter"" any longer and will need an outlet to vent for 4 more nightmare years.

Please follow and will follow back as many as I can!","This whole trumpian thing is starting to remind me of the film 'Clockwork Orange""...no pun intended😜"
Harris,pro-kamala,variant,43,"An appalling development in our politics: Trump just attacked Harris with vile, overt unrestrained misogyny, and people now treat this as an ordinary occurrence.

On the pod, writer Susan Milligan and I dig into this failure. Also: The hidden pro-Kamala male vote!
https://anonymous",when you accidentally write the most pro-Kamala post of the election,when you accidentally write the most pro-Kamala post of the election
Trump,donalds,variant,40,"Byron Donalds Talks Economy, 2024, And If He’s Interested In Being Trump’s Running Mate If He’s The Nominee",Byron Donalds: Donald Trump is an alpha male. He absolutely is. No doubt about it. People like that.,"Ben Carson is said to have turned down leading HUD again to get HHS, which went to RFKJr. 

Are there still no black jobs in the in-coming Trump Administration? I’m on Black alert since Byron Donalds, Burgess Owens, and that football player had folks believing black ppl will be on top with Trump."
Trump,trumpists,variant,39,"And this, gentlefolk, is why we block Trumpists on sight.","And this, gentlefolk, is why we block Trumpists on sight.","And this, gentlefolk, is why we block Trumpists on sight."
Harris,harrison,variant,38,"NEW: Harrison Ford endorses Kamala Harris.

This is impactful, in part because it comes from someone without a long track record of endorsing candidates. 

“I’ve been voting for 64 years. Never really wanted to talk about it very much.”

(📽️Credit: CallToActivism via X)","NEW: Harrison Ford endorses Kamala Harris.

This is impactful, in part because it comes from someone without a long track record of endorsing candidates. 

“I’ve been voting for 64 years. Never really wanted to talk about it very much.”

(📽️Credit: CallToActivism via X)","NEW: Harrison Ford endorses Kamala Harris.

This is impactful, in part because it comes from someone without a long track record of endorsing candidates. 

“I’ve been voting for 64 years. Never really wanted to talk about it very much.”

(📽️Credit: CallToActivism via X)"
Trump,pro-trump,variant,37,"Wow, it's so clever and savvy when Republicans succeed in getting journalists to inject pro-Trump propaganda into the discourse! It's even more impressive when the Trump campaign finds ways to use this to their advantage!","Americans who actually read newspapers voted overwhelmingly for Harris though: the problem was all the pro-Trump trash on YouTube, Facebook and X.","Americans who actually read newspapers voted overwhelmingly for Harris though: the problem was all the pro-Trump trash on YouTube, Facebook and X."
Trump,mcdonalds,variant,32,"I would have to say I was undecided as a voter but after seeing him work for a bit earlier today at McDonalds and saying Kamala never worked there, I will be casting my ballot for Donald J Trump and JD Vance this November.","I would have to say I was undecided as a voter but after seeing him work for a bit earlier today at McDonalds and saying Kamala never worked there, I will be casting my ballot for Donald J Trump and JD Vance this November.","Boycott companies that donated to Trump. I am not spending a single $ there. Enough is enough

Some of those include
McDonalds
Chic-fil-a
Home depot
LL Bean
Taco Bell

https://anonymous"
Trump,trumpist,variant,19,"I am a real antifa. I have put my life in danger, to stop violents intolerants. 

But still, I can see the difference between a real hater and someone who vote Trumpist, and now die in regrets and shame.

Know why you fight",We need to start busting out a haka in the face of Trumpist legislation,"Okey doke. Buzz me from the Trumpist concentration camps. I’ll do whatever I can for you, friend."
Trump,trumpster,variant,19,"Enjoying my holiday mug, but do you think it could trigger a Trumpster? God forbid … Although I’m not sure I believe in God anyway these days …",Red neck ties say trumpster and Soviet to me. I hate red ties.,"Only we can save ourselves from this Trumpster fire! 🚒🔥
@anonymous @anonymous
@anonymous @anonymous @anonymous @anonymous @anonymous  @anonymous 
@anonymous VOTE! VOTE! VOTE!"
Harris,kamalahq,variant,12,You know what I really miss? KamalaHQ on my TikTok. 😢😢😭,"Here's yet another reason to vote your butts off for #Harris.

Via KamalaHQ:

Steve #Bannon: Laura Loomer is going to be White House Communications Director if #Trump wins","ICYMI, here's Kamala Harris's reaction to seeing her first Michigan ""I VOTED"" sticker (via KamalaHQ)"
Trump,trump-musk,variant,12,The Trump-Musk Administration.  https://anonymous,"NEW: The great Trump-Musk crackdown is coming. And it will hit hard & fast. Journalists will be first. But everyone else is next. 

I urge you to read my 20 lessons in How to Survive the Broligarchy, inspired by & featuring the great @anonymous 
1/
https://anonymous","I have to say: I’m rooting for the Trump-Musk relationship to collapse—and soon—before the appalling right-wing billionaire Musk begins savaging our government, convinced that he knows better."
Trump,trumpworld,variant,12,Trumpworld and MAGA 2.0 - https://anonymous,"Elissa Slotkin on Trumpworld's talk of purging generals: ""We're really at risk of politicizing the military in a way that we can't put the genie back in the bottle.""","Think about how great our country could have been with Kamala at the helm, how high we could have risen - and then think about why the people voted instead to sink us into the disgusting, backward muck of Trumpworld"
Trump,trumpie,variant,11,"The 74 million who voted for #Trump did NOT surprise as much as the TEN MILLION WHO FAILED to vote for Harris and the Dems as they did in 2020.
Those who voted FOR the #GOP have no right to complain when they get fucked over by the Trumpie. Neither does anyone who was able, but refused to vote....","The 74 million who voted for #Trump did NOT surprise as much as the TEN MILLION WHO FAILED to vote for Harris and the Dems as they did in 2020.
Those who voted FOR the #GOP have no right to complain when they get fucked over by the Trumpie. Neither does anyone who was able, but refused to vote....",I believe that in spite of the corruption going on by trumpie and his people that there is a lot of behind the scenes capabilities happening. I won’t give up hoping for the good.
Harris,anti-harris,variant,10,I just saw my first anti-Harris campaign ad while watching Matlock (on a delay via my DVR) and I couldn't hit fast forward fast enough.,"The pro- and anti-Harris cases 
https://anonymous
https://anonymous","Saw another apparently anti-Harris sign near me. This one simply said “Kamalama Ding Dong/Walznuts.” I understand on an intellectual level that it is meant to be an insult, but I cannot comprehend the brain that sees it as clever."
Trump,never-trumpers,variant,10,I’m beginning to have second thoughts about #Bluesky. Same problem that X has only from other side of the political spectrum. MAGA nuts spoil X but Never-Trumpers or Muskers on Bluesky are equally intolerant. Cancel culture runs rampant. Room for middle of the road platform.,I’m beginning to have second thoughts about #Bluesky. Same problem that X has only from other side of the political spectrum. MAGA nuts spoil X but Never-Trumpers or Muskers on Bluesky are equally intolerant. Cancel culture runs rampant. Room for middle of the road platform.,"For the record, I blocked the accounts Joe Walsh, Adam Kinzinger, & Republicans Against Trumpism.

I will block any & all currently registered openly public Republicans & “Never-Trumpers.”
No exceptions."
Harris,kamalaharris,variant,9,Do your part to help elect Kamala Harris: Calls.KamalaHarris.com,"Hey all #blueresisters
#democracy
#bluedots
#kamalaharris
Kamala Harris has a fight fund. Please support this and spread the word. 

kamalaharris.com","Feeling very hopeful about VP Kamala Harris’s prospects after spending the day door knocking in Downingtown, Pennsylvania. The #harriswalz2024 campaign in PA is super-organized and energized. Please get involved! go.kamalaharris.com #DoSomething"
Trump,donoldtrump,variant,8,"DonoldTrump I truly fukkkin hate u, you’re a soulless piece of shitty garbage bastard who cheated and bought this election!","DonoldTrump I truly fukkkin hate u, you’re a soulless piece of shitty garbage bastard who cheated and bought this election!","DonoldTrump I truly fukkkin hate u, you’re a soulless piece of shitty garbage bastard who cheated and bought this election!"
Trump,ex-trump,variant,8,'I Could Use A Good Laugh!' CNN's Jim Acosta Calls 'BS' On Ex-Trump Aide Still Saying Trump Not Connected To Project 2025 https://anonymous,"Ex-Trump Voter Supports Harris
https://anonymous","Ex-Trump Voter Supports Harris
https://anonymous"
Trump,trump-voting,variant,8,"I can't get over the Trump-voting friend of mine who begged me not to check out of the political fight, saying my voice is needed to help check the worst of MAGA's impulses. 

He doesn't realise how insulting that actually is. And that astounds me","Talked to my Trump-voting dad and he assured me that Trump wasn't really going to do the things he promised he would do, so good news I guess. 😬",I’ve been told by my Trump-voting friends and family that I should be more gracious and congratulate the president-elect. So allow me to congratulate President-elect Fuckface von MicroPenis and wish him nothing but diarrhea and declining health until he crawls into the ground and becomes a skeleton.
Trump,trumpsters,variant,8,"Giving a big 'eff you' to all the Trumpsters who 'invested'....

https://anonymous",Trumpsters?,Some Trumpsters Miss Universe comments
Trump,-trump,variant,7,Tom Homan -Trump’s border czar -makes my skin crawl.,Tom Homan -Trump’s border czar -makes my skin crawl.,Kamala up with white COLLEGE EDUCATED voters tells you all you need to know.. “I love the poorly educated” -Trump
Trump,trump-supporting,variant,7,"A little prophecy from a Trump-supporting member of Congress.

#trump #uspol #politics",Yet another violent Trump-supporting teenage boy. https://anonymous,"I've let two Trump-supporting relatives know about the racist ""comedian"" Trump chose to open his rally today, saying I hope if they're considering voting for him that they've seen his latest rallies and how boldly hateful they are."
Trump,trumpf,variant,7,So Jonald Donald Trumpf is going to break his OWN agreement with our neighbors based on shit that ain’t happening by people who ain’t doing it. Makes sense. Full vid on IG.,"Is everyone enjoying how elite we all feel being a part of the Bluesky club! 

We are all kind(to each other, not the rubes) educated and enlightened unlike those poors over on twitter who voted for tRumpf.

We need to double down on this fact and then we'll start winning again!","Is everyone enjoying how elite we all feel being a part of the Bluesky club! 

We are all kind(to each other, not the rubes) educated and enlightened unlike those poors over on twitter who voted for tRumpf.

We need to double down on this fact and then we'll start winning again!"
Harris,pro-harris,variant,6,"CHANGE IS NEEDED!!!....
KAMALA HARRIS 2024!!!🇺🇸

Sam Elliott in pro-Harris ad: ‘Are we really going back down that same f‑‑‑ing broken road?’ #Presidentialelection
https://anonymous",Getting huge pro-Harris vibes from both Mastodon and here.,Critics say the pro-Harris Future Forward PAC didn’t share enough with allies and waited too long to spend its huge war chest
Trump,donaldtrump,variant,6,"I have read that DonaldTrump's mother was not here legally when he was born, if true I vote for him to be the first person deported. Problem solved, if we can find a country which would take him.","I have read that DonaldTrump's mother was not here legally when he was born, if true I vote for him to be the first person deported. Problem solved, if we can find a country which would take him.","Sexual predators stick together. 

#MattGaetz/DonaldTrump"
Trump,erictrump952789,variant,6,"A FIFTY FOUR OLD CONSERVATIVE DUDE AT THE GOLF COURSE WAS BRAGGING HOW  ERIC TRUMP LIKED HIS tweet®️ & HE WAS GIDDY LIKE A SCHOOLKID UNTIL I LOOKED & HAD TO TELL HIM IT WAS ERICTRUMP952789. 
These people vote.","A FIFTY FOUR OLD CONSERVATIVE DUDE AT THE GOLF COURSE WAS BRAGGING HOW  ERIC TRUMP LIKED HIS tweet®️ & HE WAS GIDDY LIKE A SCHOOLKID UNTIL I LOOKED & HAD TO TELL HIM IT WAS ERICTRUMP952789. 
These people vote.","A FIFTY FOUR OLD CONSERVATIVE DUDE AT THE GOLF COURSE WAS BRAGGING HOW  ERIC TRUMP LIKED HIS tweet®️ & HE WAS GIDDY LIKE A SCHOOLKID UNTIL I LOOKED & HAD TO TELL HIM IT WAS ERICTRUMP952789. 
These people vote."
Trump,trump-vance,variant,6,The Trump-Vance campaign would be great if not for Trump and Vance,Beware the Academics Bolstering the Fascist Violence of Trump-Vance https://anonymous,"The big difference from the Biden-Harris policies and what’s ahead will Trump-Vance is explored in today’s HCR Letter. 

https://anonymous"
Trump,trumpet,variant,6,"I just blocked my first Trumpet that came here looking for me. 

No interaction on my part. Just a block.",I refuse to let myself succumb to hate…but I hate Trumpet. Like A LOT.,I refuse to let myself succumb to hate…but I hate Trumpet. Like A LOT.
Harris,kamalas,variant,5,"Seriously, these people are money hungry cry babies that shot themselves in the foot by sabotaging Kamalas electoral prospects and they want me to give em MONEY?!

I have no sympathy for them, if they wanted a chance to save themselves they should've voted Kamala but instead they enabled Trump.","Seriously, these people are money hungry cry babies that shot themselves in the foot by sabotaging Kamalas electoral prospects and they want me to give em MONEY?!

I have no sympathy for them, if they wanted a chance to save themselves they should've voted Kamala but instead they enabled Trump.","I was so looking forward to not knowing or caring who was in Kamalas cabinet. To just trust that she picked responsible and responsible people,but  here we are and I have to know who they are and what they plan on doing so we can protect ourselves"
Trump,trump-loving,variant,5,"Feeling particularly hopeless today. #trump announcing nominees, elected #Democrats are congratulating fascists on their wins, Dem leadership has no spine for a forensic recount in swing states, and my trump-loving company does not share my values.","Feeling particularly hopeless today. #trump announcing nominees, elected #Democrats are congratulating fascists on their wins, Dem leadership has no spine for a forensic recount in swing states, and my trump-loving company does not share my values.","The man whose name constitutes two euphemisms for penis (Woody and Johnson) seems bereft of one. Firing Saleh and Douglass was so last year. Sell the fucking club, you Trump-loving moron."
Trump,trumped,variant,5,Alberta oil is about to get Trumped https://anonymous,"You mean the greatest president we ever had? The innocent man with trumped up bullshit charges, which all got dropped and dismissed","You mean the greatest president we ever had? The innocent man with trumped up bullshit charges, which all got dropped and dismissed"
Trump,trumping,variant,5,Trumping Israel? No way! - https://anonymous,Trumping Israel? No way! - https://anonymous,"Newsom is right! Ron DeSantis’s whole campaign has been a bad Donald Trump impression. Ron is also terrible at out Trumping, Trump."
Trump,trumplicans,variant,5,Make no judiciary deals. The Trumplicans don’t deserve any deference or respect.,My new account.  I'm seeking a refuge from the crazy 'Trumplicans' invading 'Threads.'  I'm a political Independent and rabidly anti-Trump.,My new account.  I'm seeking a refuge from the crazy 'Trumplicans' invading 'Threads.'  I'm a political Independent and rabidly anti-Trump.
Trump,trumpresistancemovement,variant,5,"trumpresistancemovement
It is sick.","
trumpresistancemovement
Historian Timothy Snyder, on Elon Musk's role in the election:","trumpresistancemovement
It is sick."
Trump,trumptard,variant,5,You voted for a convicted felon rapist. You're the stupid one. Fucking trumptard.,"I know i said i wouldnt post screenshots from twitter, but this HAD to be shared.  Trumptard is off his ROCKER","Trumptard has been making videos and planning his attack against 'murica.  Hiring a dog killer is appropriate for Homeland Security, no? 

I can not even fathom the evil that's going to happen to our country over the next four years. still have to look at his face, listen to his blatherings. #sad"
Trump,trumptards,variant,5,"i guess maybe we shouldnt look at trumptards noms as gloom and doom yet
dont they have to  be 'voted in'

id rather they have to be like the gladiators. they have to slay a lion or maybe run over hot coals or be a teacher in a high school for a year or get in a cage with a komodo dragon for a day","Way to go Trumptards, way to go !!
FAFO.
LMFAO.","Way to go Trumptards, way to go !!
FAFO.
LMFAO."
Harris,-kamala,variant,4,"""I took on perpetrators of all kinds.. predators who abused women, fraudsters who ripped off consumers, cheaters who broke the rules for their own gain.  So, hear me when I say: I know Donald Trump’s type.""-Kamala Harris

Him and his cabinet picks fit in one or all of these.","""I took on perpetrators of all kinds.. predators who abused women, fraudsters who ripped off consumers, cheaters who broke the rules for their own gain.  So, hear me when I say: I know Donald Trump’s type.""-Kamala Harris

Him and his cabinet picks fit in one or all of these.","“Only when it is truly dark enough can you see the stars.” -Kamala Harris

One of the greatest quotes in history."
Harris,anti-kamala,variant,4,"Anecdotal, but I have talked to a few of my lefty friends who are posting a lot of anti-Kamala/complaining about vote shaming stuff and most of them seem to be voting Kamala. Idk wtf the thinking is there, but it is what it is.","There's an anti-Kamala narrative going on at the moment, embroidering stories around the Dems loss to prove it's all been her fault. And it's really giving me the irrits.","Things you can do to #resist a Trump presidency: 

21. Avoid infighting among liberals. United we stand, divided we fall (we were reminded of that the hard way with the anti-Kamala Palestine protestors, and now a super-anti-Palestine President is coming in.)"
Trump,bondi-trump,variant,4,Editorial: Feds should investigate Bondi-Trump connection https://anonymous,Editorial: Feds should investigate Bondi-Trump connection https://anonymous,Editorial: Feds should investigate Bondi-Trump connection https://anonymous
Trump,musk-trump,variant,4,#FLOTUS Elonia Musk-Trump. Congratulations Madame First Lady! #Trump2024 🤣🤣🤣,“A former Amazon executive told Fortune this week that he believed it was the Musk-Trump combo that frightened Jeff Bezos into dumping the Washington Post’s endorsement of Kamala Harris—a moment all-too-akin to a prosperous merchant bowing down to a violent mob boss.”,Democrats flee X for Bluesky amid Musk-Trump alliance https://anonymous
Trump,never-trump,variant,4,"I got an 8% increase in followers today and I want to say...I hope you enjoy my general reply-guyishness as I mostly check in on Legal Twitter, never-Trump Republicans, and chat with middle-aged fathers.","I got an 8% increase in followers today and I want to say...I hope you enjoy my general reply-guyishness as I mostly check in on Legal Twitter, never-Trump Republicans, and chat with middle-aged fathers.","Obscured by the teams, but the Bernie left agreed with the popularists & the SuperPac that Harris should focus on her own economic policy proposals. They all disagreed with the campaign, resistance liberals, & never-Trump Reps, who wanted to focus on Trump & democracy."
Trump,trump-free,variant,4,Please have a trump-free happy weekend! ☺️,I wish there was a Trump-Free internet.,I wish there was a Trump-Free internet.
Trump,trumpa,variant,4,"Part of me is looking forward to the day when, somewhere in Alabama, when church lets put, these trump voters see one of their congregants run down by ICE and they explode...trumpa approval is going to be at 10%","Part of me is looking forward to the day when, somewhere in Alabama, when church lets put, these trump voters see one of their congregants run down by ICE and they explode...trumpa approval is going to be at 10%","Trumpovi kandidáti a nominanti dostali vyhrážky bombou a prepadnutím – Svet – Správy

https://anonymous

Viacero nominantov a kandidátov Donalda Trumpa na posty v jeho nastupujúcej administratíve dostalo v uplynulých hodinách vyhrážky bombou…"
Trump,trumpanzees,variant,4,"I am blocking the stupid Trumpanzees who know nothing but pretend to know everything. God, life must be hard when you are Dunning Kruger stupid.","I am blocking the stupid Trumpanzees who know nothing but pretend to know everything. God, life must be hard when you are Dunning Kruger stupid.",Enjoy tHe EkOnuMbY Trumpanzees!
Trump,trumpists--and,variant,4,"Oh, Lord, on Morning Joe Mika reads an entire noxious Dowd column aloud: anti-identity, anti-trans, anti-woke, anti-campus, which in the end is a defense of Trumpists--and their identify politics, aka racism. But we can't say that.","Oh, Lord, on Morning Joe Mika reads an entire noxious Dowd column aloud: anti-identity, anti-trans, anti-woke, anti-campus, which in the end is a defense of Trumpists--and their identify politics, aka racism. But we can't say that.","Oh, Lord, on Morning Joe Mika reads an entire noxious Dowd column aloud: anti-identity, anti-trans, anti-woke, anti-campus, which in the end is a defense of Trumpists--and their identify politics, aka racism. But we can't say that."
Trump,trumpsgiving,variant,4,Happy Trumpsgiving 😎,HAPPY TRUMPSGIVING FRENS 😎,Happy Trumpsgiving 😎
Harris,kamalawalz2024,variant,3,"H.HALLOWEEN
KamalaWalz2024
🇺🇲🌊💙🎃",If you value WomansRightsToChoose 💅🏾💪🏾 Vote  KamalaWalz2024 🇺🇲🌊💙🇵🇷🇺🇦🇪🇭🌿🤲🏿,If you value WomansRightsToChoose 💅🏾💪🏾 Vote  KamalaWalz2024 🇺🇲🌊💙🇵🇷🇺🇦🇪🇭🌿🤲🏿
Harris,non-harris,variant,3,Say hello to small pox. RFK will usher in a new outbreak. Republicans and non-Harris voters get any and all blame laid at their feet.,"Democracy dies with ignorance; freedom dies with apathy.  

I have been disappointed by non-Harris voters & non-voters alike this election.","The impulse to tell non-Harris voters “you got what you wanted” is so vile to me
And it’s something I see white women doing more than anybody else
Please go clean up your own house instead of screaming at Muslims
you wanna start somewhere? 53%. start there."
Trump,--trump,variant,3,"""Oh no! How could I ever have foreseen this would be a ridiculous shitshow?""--Trump voters/Jake Paul-Mike Tyson ticket buyers","""Oh no! How could I ever have foreseen this would be a ridiculous shitshow?""--Trump voters/Jake Paul-Mike Tyson ticket buyers",Good talk with Bernie Sanders --Trump Plots MAGA Military Purge with Fox News Host in Charge https://anonymous
Trump,-donald,variant,3,"""All the best people.""
-Donald Trump","“Sometimes very bad decisions are made. They’re not made from an evil standpoint.”

-Donald Trump, excusing the MURDER of Sonya Massey","The 3 people most desperate for Trump to win are:
-Vladimir Putin 
-Elon Musk
-Donald Trump
There is a reason for this."
Trump,1trump,variant,3,"""Less than two weeks after Muslims in Dearborn and beyond voted for Donald Trump saying him and Biden/Harris were the same on Palestine so why not, Trump tells Israeli officials he will release holds on all offensive weapons including 2,000 pound bombs that Biden was blocking on Day 1Trump""","Blocked!
1trump.bsky.social
@anonymous","Blocked!
1trump.bsky.social
@anonymous"
Trump,anti-anti-trumpers,variant,3,"True or false? If, sometime in 2024, you had told anti-anti-Trumpers that Trump would make Gaetz attorney general, Gabbard national-intelligence director, RFK Jr. HHS secretary, etc., they would have shaken their head and said, sadly, ""You suffer from Trump Derangement Syndrome.""","True or false? If, sometime in 2024, you had told anti-anti-Trumpers that Trump would make Gaetz attorney general, Gabbard national-intelligence director, RFK Jr. HHS secretary, etc., they would have shaken their head and said, sadly, ""You suffer from Trump Derangement Syndrome.""","True or false? If, sometime in 2024, you had told anti-anti-Trumpers that Trump would make Gaetz attorney general, Gabbard national-intelligence director, RFK Jr. HHS secretary, etc., they would have shaken their head and said, sadly, ""You suffer from Trump Derangement Syndrome."""
Trump,donaldson,variant,3,"As a human marked as female/feminine, I would never support a misogynistic rapist, aka Trump; how Donaldson supports a racist I'll never understand.
https://anonymous",I hope S.A. Donaldson III arrives soon. His voice is important.,"Donald Trump gives Byron Donaldson, some type of cabinet appointment."
Trump,macdonalds,variant,3,Also notice that Mikey didn’t rate a seat at the  MacDonalds!,Also notice that Mikey didn’t rate a seat at the  MacDonalds!,I wonder in MacDonalds appreciates all the free publicity that Trump gives them. You could not buy it otherwise
Trump,obama-trump-biden,variant,3,I feel like Alcibiades is the prototype of the Obama-Trump-Biden voter,I feel like Alcibiades is the prototype of the Obama-Trump-Biden voter,I feel like Alcibiades is the prototype of the Obama-Trump-Biden voter
Trump,pre-trump,variant,3,"From Heather Cox Richardson's morning Letters from an American: None of Trump’s Cabinet nominees would have been anything but laughable in the pre-Trump era when, for example, Democratic cabinet nominations were sunk for a failure to pay employment taxes for a nanny, or for a donor-provided car.","From Heather Cox Richardson's morning Letters from an American: None of Trump’s Cabinet nominees would have been anything but laughable in the pre-Trump era when, for example, Democratic cabinet nominations were sunk for a failure to pay employment taxes for a nanny, or for a donor-provided car.","Pre-Trump conviction

Biden in the best person to be President

Post-Trump conviction

Biden is the best person to be President"
Trump,retrumplican,variant,3,"I’d like to know where I can get a refund on the time I spent on alert, waiting to take off and bomb the same nation that now owns the Retrumplican Party.","I’d like to know where I can get a refund on the time I spent on alert, waiting to take off and bomb the same nation that now owns the Retrumplican Party.","Holy Retrumplican Rats, Batman !!"
Trump,trump-,variant,3,"We MUST NEVER normalize ANYTHING about trump- 

NOT HIS-

-lust for his own daughter
-predatory actions towards women
-ignorance
-incompetence
-laziness
-pandering to autocrats & war criminals
-grifting
-34 felony convictions
-coverup of 'stolen' classified docs

https://anonymous","amazing that the whole Trump arc is: 
people reject Trump->sorry, Electoral College->people reject Trump->Trump does coup->people point out Constitutional rule barring coup-doers from running again->every pundit in America: ""tsk tsk it's not legitimate unless the people reject Trump""","amazing that the whole Trump arc is: 
people reject Trump->sorry, Electoral College->people reject Trump->Trump does coup->people point out Constitutional rule barring coup-doers from running again->every pundit in America: ""tsk tsk it's not legitimate unless the people reject Trump"""
Trump,trump--but,variant,3,Joe and Mika have chosen to surrender to Trump--but WE will NEVER surrender. We will take the fight to him. We will not meet him halfway on his fascism and racism. We know who he is--and more importantly we know who we are. My article: https://anonymous,Joe and Mika have chosen to surrender to Trump--but WE will NEVER surrender. We will take the fight to him. We will not meet him halfway on his fascism and racism. We know who he is--and more importantly we know who we are. My article: https://anonymous,Joe and Mika have chosen to surrender to Trump--but WE will NEVER surrender. We will take the fight to him. We will not meet him halfway on his fascism and racism. We know who he is--and more importantly we know who we are. My article: https://anonymous
Trump,trump-haters,variant,3,"To all the Trump-haters, whatever party you are, Republican, Democrat, or otherwise, THIS IMAGE POST IS DEDICATED TO YOU…
(I actually needed Twitter 
to quick-find these hash–
tags, by the way)
#NeverTrump #trumpisbadforus #TrumpisaNationalDisgrace #TrumpIsAnExistentialThreat #trumpforprison",Crazy Trump-haters keep trying to convince us that Trump’s campaign is somehow connected to Trumpism.,"To all the Trump-haters, whatever party you are, Republican, Democrat, or otherwise, THIS IMAGE POST IS DEDICATED TO YOU…
(I actually needed Twitter 
to quick-find these hash–
tags, by the way)
#NeverTrump #trumpisbadforus #TrumpisaNationalDisgrace #TrumpIsAnExistentialThreat #trumpforprison"
Trump,trump-like,variant,3,"Your Frida Kahlo, Hannah Arendt voodoo dolls will not defend you
From the Mars-colonizing, anti-vax billionaires who are stuffing democracy with Trump-like ventriloquist dolls
The more inane the belief, the higher it rises up the money ladder",I thought of something every Trump-like person needs and doesn't have: a nearby tower of balloons filled with ketchup!,"I’m sorry, but humble bragging about all your new followers seems a little…

Trump-like?"
Trump,trump-proof,variant,3,Ed Davey urges Starmer to ‘Trump-proof’ UK with closer European ties,"“Newsom said state lawmakers would convene to take immediate legislative action to counter Trump’s expected attacks on abortion…immigration & federal disaster aid”

@anonymous Gavin Newsom’s quest to ‘Trump-proof’ California enrages incoming president
https://anonymous","“Newsom said state lawmakers would convene to take immediate legislative action to counter Trump’s expected attacks on abortion…immigration & federal disaster aid”

@anonymous Gavin Newsom’s quest to ‘Trump-proof’ California enrages incoming president
https://anonymous"
Trump,trumpland,variant,3,"I have already told two fairly known, mobbed up (figuratively speaking?) sources in Trumpland this week “I am hanging up if you bring up the Biden garbage thing, I do not care” plz work someone else on that, and tbh we had a laugh about it and then move on","People, there's going to be a lot of mockery of Trump and Trumpland going forward, and there will be a temptation to spit on the people doing it and say that it doesn't matter, they're wasting their time, and I am going to 100% let you know it does, in fact, matter.  Shame and mockery matter.","Mehmet Oz, I thought I'd never hear that name again. In Trumpland, apparently, old grifters never die. They just become Trump appointees."
Trump,trumplican,variant,3,"Trumplican cabinet. 
https://anonymous","Trumplican cabinet. 
https://anonymous",A lovely pie to bring to your Trumplican family members...
Trump,trumpocalypse,variant,3,the four horsemen of the trumpocalypse.,the four horsemen of the trumpocalypse.,the four horsemen of the trumpocalypse.
BOTH,trump-does-something-insane-but-the-media-ignores-it-and-instead-criticizes-kamala-harris-game,variant,2,Kinda tired of the Trump-does-something-insane-but-the-media-ignores-it-and-instead-criticizes-Kamala-Harris-Game.,Kinda tired of the Trump-does-something-insane-but-the-media-ignores-it-and-instead-criticizes-Kamala-Harris-Game.,
Harris,harris-,variant,2,"VP Harris-""Don't let anyone take your power from you.""
Thank you for your strength Kamala.
We'll brave this storm together.","VP Harris-""Don't let anyone take your power from you.""
Thank you for your strength Kamala.
We'll brave this storm together.",
Harris,harris-as-prosecutor,variant,2,"I was already done with the standard recitation of ""slept with a porn star!"" in the litany of Trump's crimes, when Stormy Daniels is still living with the consequences of fighting back, yet it's even more grim to hear ""slept with a porn star!"" to set Trump-as-criminal against Harris-as-prosecutor","I was already done with the standard recitation of ""slept with a porn star!"" in the litany of Trump's crimes, when Stormy Daniels is still living with the consequences of fighting back, yet it's even more grim to hear ""slept with a porn star!"" to set Trump-as-criminal against Harris-as-prosecutor",
Harris,harris-but-,variant,2,"Look- there are a lot of reasons to not like Harris-BUT- if I have to stand in front of a room full of 20 year-old gloating dudes who think Trump is the coolest guy in the world for the rest of this week, I'm going to come unwound. Do me a solid","Look- there are a lot of reasons to not like Harris-BUT- if I have to stand in front of a room full of 20 year-old gloating dudes who think Trump is the coolest guy in the world for the rest of this week, I'm going to come unwound. Do me a solid",
Harris,harris-ryan,variant,2,Harris-Ryan would be a great ticket.,Harris-Ryan would be a great ticket.,
Harris,harris2024,variant,2,Harris2024!!!,"Thank you, President Biden 
Vote Kamala Harris2024
https://anonymous",
Harris,kamala-,variant,2,"Laffin' Kamala- I call her laffin' kamala because she's always laughing, always feeling joy, but we don't like joy do we folks? We hate to feel good, we hate our kids who want to take over for us, take over the country. We like when the men have tears in their eyes, and frankly the women too","Laffin' Kamala- I call her laffin' kamala because she's always laughing, always feeling joy, but we don't like joy do we folks? We hate to feel good, we hate our kids who want to take over for us, take over the country. We like when the men have tears in their eyes, and frankly the women too",
Harris,kamala-holding-vinyls,variant,2,"I am powerless before this level of microtargeting 

kamala-holding-vinyls.glitch.me",This is a great site. kamala-holding-vinyls.glitch.me,
Harris,kamalazoo,variant,2,Michelle Obama on 🔥at KAMALAZOO rally.,"""Or should I say, KAMALAzoo!""-- Gold, from Michelle Obama.

Here's the YT link to her speech:

https://anonymous",
Harris,kkkamala,variant,2,"Woke up today to my first experience on BlueSky of harassment and threats of, ""Death to America."" 

But it didn't come from Orange Hitler's voters. It came from Palestinian protestors. They also thought it was cute to call Kamala Harris, ""KKKamala."" *sigh* 😣","So, is KKKamala being placed in the political fridge, or are they gonna let her out to blabber some halfhearted apology and rant against Jill Stein for some reason?",
Trump,2017trump,variant,2,2017trump spoke of “American carnage” a long time coming but now we know what he meant,2017trump spoke of “American carnage” a long time coming but now we know what he meant,
Trump,anti-trumpers,variant,2,"It's so cool how Liz Cheney celebrated the Dobbs decision because it returned abortion to the states and then said the red state abortion bans ""cannot stand."" I'm sure being a Harris surrogate played a part, but all the anti-Trumpers become libs eventually lol (see also: Kinzinger).","Cruise Line Offering Depressed Anti-Trumpers a Four-Year Getaway 
Source: TheDailyBeast",
Trump,biden-trump,variant,2,i wish they had scheduled the Biden-Trump transition meeting for evening hours when they're both sundowning and there's a decent chance it could end in a duel,"Impt article that gets to the core of how (if not why) Harris lost: Some voters followed a Biden-Trump path, but mostly it was about JRB voters who didn't vote in 2024. https://anonymous",
Trump,donalda,variant,2,"Trumpovi kandidáti a nominanti dostali vyhrážky bombou a prepadnutím – Svet – Správy

https://anonymous

Viacero nominantov a kandidátov Donalda Trumpa na posty v jeho nastupujúcej administratíve dostalo v uplynulých hodinách vyhrážky bombou…","W USA dzisiaj pierwsza przedwyborcza debata wśród republikańskich kandydatów. Ale Donalda Trumpa nie będzie, bo uznał, że ""nie jest mu to potrzebne"". Trump wyraźnie prowadzi w sondażach.",
Trump,donaldsoros,variant,2,"I blocked Donaldsoros@anonymous because he is a trumpster. If he comes to you with his nonsense on Bluesky, feel free to block him and report him. Silly ole rabbit","I blocked Donaldsoros@anonymous because he is a trumpster. If he comes to you with his nonsense on Bluesky, feel free to block him and report him. Silly ole rabbit",
Trump,dtrumpf,variant,2,"I am very glad I am not alone when it comes to hating what Dtrumpf stands for, it proves there is love out there!","I am very glad I am not alone when it comes to hating what Dtrumpf stands for, it proves there is love out there!",
Trump,intotrump,variant,2,"Join me over at Patreon for a deep dive intoTrump’s initial national security, intelligence, and defense picks.

https://anonymous",I would welcome a list of businesses that dumped money intoTrump’s campaign so that I can make sure that I avoid them like a plague.,
Trump,kimjongtrump,variant,2,This is what you want America to go back to KimJongTrump & RFKjr!,This is what you want America to go back to KimJongTrump & RFKjr!,
Trump,latina-never-for-trump,variant,2,Im a Latina-Never-For-Trump,Im a Latina-Never-For-Trump,
Trump,mcdonalds-employee,variant,2,I assume Trump’s McDonalds-employee photo-op stunt will convince voters he’s really a gritty man of the people as effectively as Dukakis’s armored-soldier photo-op stunt  convinced voters of that in 1988.,I assume Trump’s McDonalds-employee photo-op stunt will convince voters he’s really a gritty man of the people as effectively as Dukakis’s armored-soldier photo-op stunt  convinced voters of that in 1988.,
Trump,mdonaldtrumpscabinet,variant,2,"https://anonymous
ATTENTION Democrats in the Senate!!! #LetsGo #NowIsNotTheTimeToDragYourFeet #DemocratsInTheSenateDoSomethingNow #NoOnDonaldTrumpsAgenda #NoI’mDonaldTrumpsCabinet","https://anonymous
ATTENTION Democrats in the Senate!!! #LetsGo #NowIsNotTheTimeToDragYourFeet #DemocratsInTheSenateDoSomethingNow #NoOnDonaldTrumpsAgenda #NoI’mDonaldTrumpsCabinet",
Trump,non-trump,variant,2,"Promises, promises Peter Navarro.

Peter must not be very happy now that Sen. John Thune has replaced Mitch McConnell.

But a non-Trump Cabinet sounds great to me!

https://anonymous","This election cycle was one big gish gallop by Trump and his supporters. The stream of disinformation and misinformation came at what turned out to be an overwhelming pace. Democrats, non-Trump supporting independents and never-Trumper Republicans tried to counter it all and simply couldn't 1/.",
Trump,out-trump,variant,2,"Harris betrayed us, not the reverse. She raised $1B on fears of a resurgent fascism she represents as much as Trump, splitting & defanging any unified opposition that could’ve existed while trying to out-Trump him on immigration, abandoning trans people, etc. She preferred losing to fighting for us.","Harris betrayed us, not the reverse. She raised $1B on fears of a resurgent fascism she represents as much as Trump, splitting & defanging any unified opposition that could’ve existed while trying to out-Trump him on immigration, abandoning trans people, etc. She preferred losing to fighting for us.",
Trump,peopletrump,variant,2,"Folks, i have been looking over the peopleTrump is picking for positions in his cabinet and what theyintend to do. Alarming isn't a strong enough word.They are going to try and change our way of governing and destroyour safety net of Social Security,Medicare Medicaid,Food Stamps. Everything we 1)","Folks, i have been looking over the peopleTrump is picking for positions in his cabinet and what theyintend to do. Alarming isn't a strong enough word.They are going to try and change our way of governing and destroyour safety net of Social Security,Medicare Medicaid,Food Stamps. Everything we 1)",
Trump,post-trump,variant,2,"https://anonymous

I suspect Mitchy didn’t think Trump would win either. He knows what we know about how Trump’s admin will go and wants to elect someone that will hold Trump back from the worst and save the reputation of the party post-Trump (post-Trump. I like that). 

Thoughts?","Pre-Trump conviction

Biden in the best person to be President

Post-Trump conviction

Biden is the best person to be President",
Trump,pre-trumpocene,variant,2,"Debate over whether Trump's 1.7% popular lead is a mandate misses what's happening. Of course nor; of course he'll say it is; & of course this is bickering over a pre-Trumpocene term. We fight fascism not because of its vote margin but because it's fascism. Had he won by 20 pts, we'd fight fascism.","Debate over whether Trump's 1.7% popular lead is a mandate misses what's happening. Of course nor; of course he'll say it is; & of course this is bickering over a pre-Trumpocene term. We fight fascism not because of its vote margin but because it's fascism. Had he won by 20 pts, we'd fight fascism.",
Trump,pro-trumpism,variant,2,You cannot simultaneously be pro-Mileisim and pro-Trumpism.,You cannot simultaneously be pro-Mileisim and pro-Trumpism.,
Trump,retrumplicans,variant,2,I have 50 followers… THANK YOU the more the better as we FIGHT Adolf Von Trump and the Retrumplicans !!!!,I have 50 followers… THANK YOU the more the better as we FIGHT Adolf Von Trump and the Retrumplicans !!!!,
Trump,traitor-trump,variant,2,EVIL domesticTERRORIST 🤡💩Traitor-TRUMP💩🤡 is CHOOSING the kind of ''🚽CABINET🚽'' only a SERIAL RAPIST could 👹LOVE👹.,EVIL domesticTERRORIST 🤡💩Traitor-TRUMP💩🤡 is CHOOSING the kind of ''🚽CABINET🚽'' only a SERIAL RAPIST could 👹LOVE👹.,
Trump,trump-as-criminal,variant,2,"I was already done with the standard recitation of ""slept with a porn star!"" in the litany of Trump's crimes, when Stormy Daniels is still living with the consequences of fighting back, yet it's even more grim to hear ""slept with a porn star!"" to set Trump-as-criminal against Harris-as-prosecutor","I was already done with the standard recitation of ""slept with a porn star!"" in the litany of Trump's crimes, when Stormy Daniels is still living with the consequences of fighting back, yet it's even more grim to hear ""slept with a porn star!"" to set Trump-as-criminal against Harris-as-prosecutor",
Trump,trump-biden-trump,variant,2,"I'll admit to being fascinated by all the Trump-Biden-Trump voters, who in 2020 were like ""yeah he might actually be america's hitler"" but are now are like ""but Harris is a little short on policy specifics""","I'll admit to being fascinated by all the Trump-Biden-Trump voters, who in 2020 were like ""yeah he might actually be america's hitler"" but are now are like ""but Harris is a little short on policy specifics""",
Trump,trump-era,variant,2,"Astronaut Buzz Aldrin endorses Trump for president

Aldrin pointed to a number of Trump-era policies, including creation of the Space Force, in his statement. 

https://anonymous","Jamie Dimon Eyes Trump-Era Deregulation as Boost for Banking, Economy",
Trump,trump-hating,variant,2,"I’m a Trump-hating celebrity… get me out of here! The mortified lefty stars fleeing America after Kamala’s crushing

https://anonymous

 …","I’m a Trump-hating celebrity… get me out of here! The mortified lefty stars fleeing America after Kamala’s crushing

https://anonymous

 …",
Trump,trump-nominated,variant,2,"One Trump-nominated sex criminal down...
@anonymous 

https://anonymous",#BREAKING: There is support from Trump-nominated Attorney General Pam Bondi on the President-Elect releasing almost all the names in the Jeffrey Epstein list‼️ Citing that anyone fighting to keep themselves private has “no legal basis to do so”‼️🚨😱🍿,
Trump,trump-proofing,variant,2,NY Legislative leaders aren’t yet “Trump-proofing” like their counterparts in CA https://anonymous,Trump-proofing the states is a thing,
Trump,trump-tainted,variant,2,"In the spirit of fair play, it was about time to reach across the aisle to congratulate the Trump-tainted twits on their messiah's Second Coming.","In the spirit of fair play, it was about time to reach across the aisle to congratulate the Trump-tainted twits on their messiah's Second Coming.",
Trump,trump-tember,variant,2,🎶 Wake me up when trump-tember ends 🎶,🎶 Wake me up when trump-tember ends 🎶,
Trump,trump-trumpist,variant,2,The Trump-Trumpist Divide - The Atlantic - If you voted republican this is a must read.,The Trump-Trumpist Divide - The Atlantic - If you voted republican this is a must read.,
Trump,trumpelon,variant,2,Just a reminder fuck trumpelon,From now on I am calling them trumpelon,
Trump,trumpenomics,variant,2,"Trumpenomics.

Guess who's at the top.",I saw a poll with 55% of people are happy with the trump transition so far. It was by CBS. Are you fucking kidding me. If true we should take a step back and let this country have a taste of trumpenomics. Let America see that with no immigrants no healthcare no social security how their lives are,
Trump,trumper-tolerant,variant,2,"If you voted for Trump I don't think you're a good person. If you are Trumper-tolerant, I don't think you're a safe person. I may be friendly but you aren't my friend. I can feel agape love towards you, but it will be at a distance. A safe distance.","If you voted for Trump I don't think you're a good person. If you are Trumper-tolerant, I don't think you're a safe person. I may be friendly but you aren't my friend. I can feel agape love towards you, but it will be at a distance. A safe distance.",
Trump,trumpernutters,variant,2,"Seeing how I'm not engaging any TrumperNutters in my new home here, only mass blocking their pages, I went to snatch some images on Twitter before I shut it down and I just had to take a quick peek at the feed to drop at least one troll bomb for old times sake!","Seeing how I'm not engaging any TrumperNutters in my new home here, only mass blocking their pages, I went to snatch some images on Twitter before I shut it down and I just had to take a quick peek at the feed to drop at least one troll bomb for old times sake!",
Trump,trumpeter,variant,2,Now my friendly neighborhood trumpeter are jubilant an saying see Trump won his cases!,Now my friendly neighborhood trumpeter are jubilant an saying see Trump won his cases!,
Trump,trumpicans,variant,2,"Me in @anonymous on the NH primary and the death of the Republican Party: ""The GOP should rename itself the 'Trumpicans' and exchange the elephant as a symbol for a vulture feeding on the carrion of democracy.""","Me in @anonymous on the NH primary and the death of the Republican Party: ""The GOP should rename itself the 'Trumpicans' and exchange the elephant as a symbol for a vulture feeding on the carrion of democracy.""",
Trump,trumpies,variant,2,"trumpies  cabinet rode the Economic policies from the Obama administration. 
And Claimed it as their own. 
American Electorate will be surprised when the economy goes tits up.
🇮🇪🇪🇺",I love this Italian guy - he has a message for Trumpies. He says 'Vaffanculo' = the F word. :) https://anonymous,
Trump,trumpistan,variant,2,"Trumpistan 

https://anonymous",the leaders of Trumpistan,
Trump,trumpkin,variant,2,Halloween Trumpkin!,"Trumpkin

https://anonymous",
Trump,trumplandia,variant,2,Trump will have a falling out with and jettison musk from trumplandia in about 8 Scaramuccis,"A passion for political violence won the election. I live in Trumplandia, MI, and what I get from MAGA here is a deep rooted love of being violent tough guys. Misogyny. Racism. Willful ignorance. Sure. But violence against women, immigrants, and minorites are still violent tendencies.",
Trump,trumplestiltskin,variant,2,"Honestly, if Merrick Garland ends up in one of Trumplestiltskin’s political enemies prisons, I’m not really gonna be all that upset about it at this point.","Honestly, if Merrick Garland ends up in one of Trumplestiltskin’s political enemies prisons, I’m not really gonna be all that upset about it at this point.",
Trump,trumplethinskin,variant,2,Responding to phoney debate to distract from Trumplethinskin's horrible cabinet picks.,Responding to phoney debate to distract from Trumplethinskin's horrible cabinet picks.,
Trump,trumplings,variant,2,"Yes, I’m rooting for Trump to fail. I’m rooting for him fail so spectacularly the stink NEVER washes off the Rs. I want to see 2 Russian gangsters dragging him out of the WH w/ all the little Trumplings in tow.
I want us, as a nation, to be so embarrassed we beg the world for forgiveness.","Yes, I’m rooting for Trump to fail. I’m rooting for him fail so spectacularly the stink NEVER washes off the Rs. I want to see 2 Russian gangsters dragging him out of the WH w/ all the little Trumplings in tow.
I want us, as a nation, to be so embarrassed we beg the world for forgiveness.",
Trump,trumpo,variant,2,Trumpo+Magamorons= UnAmerican!,Trumpo+Magamorons= UnAmerican!,
Trump,trumpsexuals,variant,2,"And you want to suck Trump's mushroom dry, you Trumpsexuals are disgusting","And you want to suck Trump's mushroom dry, you Trumpsexuals are disgusting",
Trump,trumptrash,variant,2,Block the tRumptrash. Don’t engage.,Block the tRumptrash. Don’t engage.,
Trump,trumpublican,variant,2,"Nancy Mace is a tRumpublican Capitalist! Making money off of a marginalized group. Her shirts say ""Come and take it."" My reply ""Give them Nothing. But take from them, Everything!""
#fucknancymace #transgender #transgenderrights #trumpublican",I have a transgender friend in Alberta. She's been telling me how tRumpublican Politics is leaking into Canada's Parliament.,
Trump,trumpublicans,variant,2,"I only wish that tRumpublicans and the Conservative Christians would believe in this philosophy. 
#transgenderrights #fucktrump #fuckproject2025","I only wish that tRumpublicans and the Conservative Christians would believe in this philosophy. 
#transgenderrights #fucktrump #fuckproject2025",
Trump,trumpwont,variant,2,"Created by a fellow #daliban member to hold Trump and the MAGA movement accountable:

trumpwont.com

Spread this far and wide!

Website will be updated regularly. If you have any suggestions please let me know! I'll relay the info.

#dgg #dggL",trumpwont.com another wonderful contribution from the daliban #dgg,
Trump,trumpx,variant,2,Perfect TrumpX landing! 🇺🇸,Perfect TrumpX landing! 🇺🇸,
Trump,trumpzilla,variant,2,Oh look its Trumpzilla. Spewing hatred and division.,Oh look its Trumpzilla. Spewing hatred and division.,
Trump,trumpzis,variant,2,Dems need to push back vs bullies. Not try to be kind and collaborate with Trump and his Trumpzis.,"Please join me in referring to Trump supporters as Trumpzi or Trumpzis 

Trrumpzis, all together now.. arm up

Hail Trump.",
BOTH,harris-trump,variant,1,Haven’t watched the Harris-Trump debate yet (I research the far right so I have to). Was it stupid or really stupid?,,
BOTH,trump-harris,variant,1,The Media Research Center spent much of the day after the Trump-Harris debate ranting that the non-right-wing media accurately noted that Kamala Harris performed well. https://anonymous,,
Harris,biden-harris-cheney,variant,1,"I think people are overlooking the way our involvement in these wars colored people’s perception of the priorities of the Biden-Harris-Cheney administration. 

Story here: https://anonymous

@anonymous",,
Harris,biden-harris-obama,variant,1,"Take the Biden-Harris-Obama Cabal's EV BRIBE MONEY & re-appropriate it to PAY FOR RESEARCH on ULTRA PROCESSED FOODS that's killing Americans! Ofcourse the MAKE AMERICA SICK TEAM: Big Pharma, Big Ag, Big Food, who bankrolls the DEMOCRAT PARTY & the SWAMP DC RULING CLASS BUREAUCRAT not gonna like it!",,
Harris,catladiesforkamala,variant,1,"#CatLadiesForKamala has caravan door knocking abilities to swing states.  

catladiesforkamala.com",,
Harris,clinton-harris,variant,1,"Clinton-Harris 2028: 
But Our Emails",,
Harris,dncjamieharrison,variant,1,"Asking about
dncjamieharrison on your list. Looks real to me",,
Harris,ex-harris,variant,1,Ex-Harris Aide Urges Biden to Resign and Let Kamala Be President - The Daily Beast,,
Harris,forkamala-tim,variant,1,"Bad news for Trump republican and independant voters voting forKamala-Tim 
https://anonymous",,
Harris,genocideharris,variant,1,"If your for #Harris/Walz campaign BLOCK this fool calling her genocideHarris!
https://anonymous",,
Harris,harris--of,variant,1,"for all the talk of the working class abandonment of Harris--of which there was a lot--it wasn't just that: as this New York Times analysis of the New York City vote shows, she was even under Biden in the most high income, high education areas of Brooklyn: https://anonymous",,
Harris,harris-cheney,variant,1,The news at 11:20:41 is Will the Harris-Cheney show persuade anti-Trump Republicans? The Democratic candidate targeted disaffected Republicans in three of the most contested states.,,
Harris,harris-whitmer,variant,1,Harris-Whitmer 2024 because fuck the patriarchy.,,
Harris,harrisa,variant,1,Kamala Harrisa says she will legalize recreational marijuana,,
Harris,harrisburg,variant,1,"“Here in Harrisburg, in the ‘People’s House’, we held onto the people’s majority, because we’ve been delivering for the work of the people,” @anonymous 
https://anonymous",,
Harris,harriser,variant,1,america has to choose between harris and a sexual harriser,,
Harris,harrismentum,variant,1,"I am torn between once again pointing out that polls aren't a score and Harris isn't meaningfully ahead by two anymore than Biden was behind by two and can't be and just wanting to say ""That's right.""

So, That's right, Harrismentum bb!",,
Harris,harrisonvile,variant,1,"NO MOTOROLA NO SUNTRON 

TEXAS 

DEATHS MURDERS OF BUSH 41 FIRST LADY BARBARA BUSH 
ARIZONA McCain 
Dole's of Harrisonvile Missouri 
Dole of Kansas FORMER Senator 
You Religious LIAR'S 
Religion SOLD 
What OCCURRED CONTINENT TO CONTINENT 
INCLUDING 
CAUCASIAN GRANDFATHER 
F.W. de KLERK KILLED",,
Harris,inspirewithkamala,variant,1,adding inspirewithkamala. bsky. social to the block list because what in the world is this?,,
Harris,kamala-is-a-skank,variant,1,BLOCK is c*nt: kamala-is-a-skank.bsky.social,,
Harris,kamala-liz,variant,1,My partner's niece's boyfriend's mom thinks they should have a unity Kamala-Liz Cheney ticket,,
Harris,kamala-the-genocider,variant,1,"This sounds great!

*one minute into kamala-the-genocider’s ball*

“It’s not a priority right now.”",,
Harris,kamala_news,variant,1,"kamala_news

BREAKING: Over 7 million people across all platforms, outside of cable, watched Kamala Harris’ Houston rally with Beyoncé. That’s more viewers than the most recent CMAs, VMAs, Emmys & Tony’s. Let’s go.",,
Harris,kamaladreams,variant,1,i was KamalaDreams on X until they decided to suspend me for good,,
Harris,kamalaharrisdotcom,variant,1,Just got an email from KamalaHarrisdotcom asking to donate to the fight fund and now I want to cry the rest of the day.,,
Harris,kamalama,variant,1,"Saw another apparently anti-Harris sign near me. This one simply said “Kamalama Ding Dong/Walznuts.” I understand on an intellectual level that it is meant to be an insult, but I cannot comprehend the brain that sees it as clever.",,
Harris,keyboardsforkamala,variant,1,"posting is politics again

use this amazing tool to post effectively for Harris 🇺🇸

www.keyboardsforkamala.com",,
Harris,mckamala,variant,1,"McKamala’s - Ba da ba ba ba, she’s loving it!",,
Harris,non-biden-harris,variant,1,Affirming what I’ve been pointing out for the last 18 hours. The campaign finance rules make a non-Biden-Harris choice of nominee a giant act of self-harm.,,
Harris,poetsforharris,variant,1,"Poets for Harris!
#HarrisForPresident
poetsforharris.com",,
Harris,progressivesforharris,variant,1,"""Kamala Harris fights for working families, and she is the fighter we need."" --Senator Elizabeth Warren.
Join us right now: progressivesforharris.com",,
Harris,unitedforharris,variant,1,"Appreciate Joe Biden for making the heroic & patriotic decision to  pass the torch to Kamala Harris. History will remember Biden as one of the best Democratic Presidents.

That said - we need now unite for Kamala and campaign w everything we got. unitedforharris.com",,
Harris,whitedudesforharris,variant,1,"Today is my birthday and I have one wish from you all and what is to donate to Kamala Harris through White Dudes for Harris. 

You can do so at whitedudesforharris.com!",,
Harris,yimbysforharris,variant,1,#YIMBYsforHarris livestream is happening right now! Join us here! yimbysforharris.com,,
Trump,---donald,variant,1,"""Kim Jong Un speaks and his people stand up at attention. I want my people to do the same.""
---Donald J. trump",,
Trump,2trump,variant,1,"Like many, over the past week since the election I've been trying 2frame it so I can understand it. I don't think voter anger is the main reason he won. I think people are attracted 2Trump bc he gives the appearance of being together, strong, successful. States must preserve cooperative autonomy.🫡",,
Trump,afterthetrumping,variant,1,"Hey folks! Just signed up. Hope to write and discuss what happens after our political trumping! Do AfterTheTrumping on TikTok. More soon. Looking forward to fun, debate, and putting solutions to challenges; solutions that we know that will bring change.",,
Trump,aftertrumps,variant,1,"Peeps💙AfterTrumps Win,leaders in Springfield’s Haitian community,and others report fleeing the city of 60,000 people,in fear of being rounded up and deported!Donald Trump is a cancer,and I can’t wait for the day of reading his obituary🤨
Trump is the most evil & hateful person in history!
#DemVoice1",,
Trump,anti-donald,variant,1,Trump nominee Dr. Oz laughed at an anti-Donald Trump joke implying Trump “made stupid decisions” running the country and Hillary Clinton should have been allowed to “handle it” instead.,,
Trump,bush-bush-obama-romney-trump-jorgensen,variant,1,As a lifelong democrat and Bush-Bush-obama-romney-trump-jorgensen voter my vote for Harris was pretty much guaranteed until she called Vance a creep,,
Trump,djtrump,variant,1,"Now, it's time for we, the people of ""The Resistance"", to move  to repudiating a 'one man governance by DJTrump'. Preserve the vote, legislation/lawsuits to reject gerrymandering/voter suppression/purging.  Articulate new candidates, $$ for challengers to GOP incumbents, candidate training; great",,
Trump,donaldem,variant,1,"🇺🇸 Przedwyborczy pat w USA.

Kamala Harris powiększa przewagę nad Donaldem Trumpem. Ale to wciąż nic jeszcze nie oznacza, bo kandydatów dzieli różnica błędu statystycznego.
👇 
#KamalaHarris #DonaldTrump 
https://anonymous",,
Trump,dtrump,variant,1,"One side of me is happy dTrump got elected. 

Why? Because his cult will get the crap beat out of them by his policies & they did it to themselves. Can’t wait to say “tough shit, dumbass”.

On the other hand, I’m not happy. We get hurt by the policies too. But now they’ll know the truth.",,
Trump,dump-trump2024,variant,1,"I just want to tell yall that myself and my business partner have been working on something non stop for a few months! We hope to bring something really great to the people and voters while also educating them!  I hope you like this! Checkout our website: 
www.dump-trump2024.com",,
Trump,felontrump,variant,1,"Breaking News: the U.S Senate accidentally passed a bill banning convicted felonTrump from Becoming President, & President Biden is planning to sign it. @anonymous @anonymous #Lawrence @anonymous",,
Trump,fox-trump,variant,1,I talked with On the Media about the Fox-Trump revolving door as his second term approaches https://anonymous,,
Trump,fucktrumpet,variant,1,"BREAKING: Trump threatens tariffs on Scotland unless they immediately outlaw their national pastime of hurling insults at him.

In particular:

""Mangled apricot hellbeast""

""Clueless numpty""

""Weapons-grade plum""

""Toupeed fucktrumpet""

""Witless cocksplat""",,
Trump,gettrumpguitars,variant,1,"I have a saying I came up with and it is that Trump ruins everything 

gettrumpguitars.com",,
Trump,house-trump,variant,1,Oligarch Musk has his eyes on the prize: the White House-Trump better sleep with one eye open as Musk is going to move in and launch a coup.,,
Trump,judgestrump,variant,1,"Our goal is now to minimize the lifetime federal judgesTrump appoints …

Biden-Harris and Dems did a great job of filling all the vacancies thankfully",,
Trump,maryltrump,variant,1,"Look who else is here!!! Mary Trump!!

maryltrump.bsky.social",,
Trump,mcdonalds-,variant,1,"Welcome to the world of RFK Jr.

Eat as I say, not as I moo

McDonalds- The official fast food of the Trump intelligentsia.",,
Trump,mctodayisthedaytrumppivotedandbecamepresidential,variant,1,the McTodayIsTheDayTrumpPivotedAndBecamePresidential is back,,
Trump,mini-trump,variant,1,"Really don't care for our Premier (Ontario) cos he's like our mini-Trump, but his comments on Trump's 25% ""threat"", I can get behind!
https://anonymous",,
Trump,musktrump,variant,1,"As long as we keep talking re Donelon Musktrump as legitimate, we affirm them psychically. Please let’s stop doing that. PLEASE!",,
Trump,never-trumper,variant,1,"This election cycle was one big gish gallop by Trump and his supporters. The stream of disinformation and misinformation came at what turned out to be an overwhelming pace. Democrats, non-Trump supporting independents and never-Trumper Republicans tried to counter it all and simply couldn't 1/.",,
Trump,nevertrumper,variant,1,"I’m a flawed messenger. I’m a reformed MAGA gangbanger. Used to be a very divisive politician. Said stupid things back in the day. I’ve had a unique, tough political journey. A NeverTrumper, I believe in tolerance, decency & truth. Now I’m all about healing the divide. And defeating Trump/Trumpism.",,
Trump,not-trump,variant,1,"I'm pretty sure voting for not-Trump slows fascism down by keeping the dedicated fascist from running the United States of America, a global super-power.",,
Trump,not-trump-but-genocide-ok,variant,1,"Kamala Harris’ $1.5B campaign flop has a Dem megadonor calling her “disqualified forever.” With $900K spent on a Vegas Sphere ad (in a state she lost), whispers about wasted funds are growing. Turns out, throwing cash at not-Trump-but-genocide-ok lady didn't resonate. 

https://anonymous",,
Trump,post-donald,variant,1,"In 2017, I edited the Declaration of Independence to reflect the United States post-Donald Trump.

How did I do?",,
Trump,pro-trumper,variant,1,"The pro-Trumper,  President Musk-loving Canadians are putting on Master Classes in fascist boot-licking. I'm impressed. 
 #Conservatives #poilievre #cdnpoli #cdnmedia #tariffs #Liberals #NDP #journalism",,
Trump,putin-trump,variant,1,"Always a classic and explains the Putin-Trump relationship to a T.
https://anonymous",,
Trump,realdonaldtrump,variant,1,"Gotta love the ""realdonaldtrump"" at the top.",,
Trump,soft-trumper,variant,1,It's worth remembering what Susan Collins said about Trump in the split second (actually a few weeks) during which she ditched her soft-Trumper posture...before quietly slinking back onto the Trump train. #mepolitics,,
Trump,strumpet,variant,1,"There’s a sTRUMPet trolling on our Bluesky world. Goes by the name Brat95. I blocked, y’all should to. I have no time for Trump cheerleaders.🤮🤬",,
Trump,thedonald,variant,1,"Top post this hour on TheDonald, the pro-Trump website where 1/6 was organized, if you're wondering what this is all really about.",,
Trump,today--trump,variant,1,"OMG, look what Elon posted on his own feed today--Trump without his hair on! This is pretty much a smaller version of Putin showing Melania's nudes. Trump would never allow this.",,
Trump,trump-a,variant,1,My new post on the Press sanewashing Trump-a must read:,,
Trump,trump-adjacent,variant,1,"Matt Gaetz has removed his name from consideration for Attorney General. Remember Trump’s first term, when dozens of careers went up in smoke following their association with Trump? Gaetz did this to himself…but the Trump-adjacent casualties are about to start amassing once more.",,
Trump,trump-adjacents,variant,1,"Reading a recent book chapter by Trump-adjacents Keith Kellogg & FredFleitz. A really vitriolic & extreme tone towards Biden. ""It was in America's best interests to maintain peace with Putin and not provoke and alienate him with aggressive globalist human rights and pro-democracy campaigns"".",,
Trump,trump-allied,variant,1,Trump-allied comedian blasted for calling Puerto Rico 'garbage',,
Trump,trump-bashing,variant,1,"In his swift public persona transformation from a Trump-bashing, moderate-appearing conservative to an all-out MAGA brawling, Don Jr.-emulating Trump loyalist, Vance has learned how to speak Trump’s language.",,
Trump,trump-betting,variant,1,"The Trump-Betting Whale Speaks Out: ‘I Have Absolutely No Political Agenda.”

He bet most of his liquid assets, $30 million, on a Trump victory. 

https://anonymous",,
Trump,trump-biden,variant,1,Trump-Biden Spat on NATO Highlights Divide on America’s Role in the World https://anonymous,,
Trump,trump-booby,variant,1,PSA: I will be providing any and all homeopathic remedies at extremely competitive rates during the Trump-Booby K-Oz era.,,
Trump,trump-caesar-palpatine,variant,1,"Like Rome, the Republican Senators of America will not save the Republic from Emperor Trump-Caesar-Palpatine.",,
Trump,trump-centric,variant,1,"#BrokenTimes coverage of the campaign is, as usual, Trump-centric:",,
Trump,trump-cunt,variant,1,"Hot Take: Nerds are NOT Bros🤣 - Zuck-Nerd, Elon-Nerd, Portnoy-Nerd. McAffee-Bro, Rogan-Bro, Dana-Bro. Trump-Cunt🇺🇸✌️",,
Trump,trump-driven,variant,1,"Will Crypto's Trump-Driven Surge Last If He Wins the Election?
https://anonymous",,
Trump,trump-elon,variant,1,"QUESTION: Will the Donald Trump-Elon Musk ‘bromance’ last?

https://anonymous",,
Trump,trump-endorsed,variant,1,A Trump-endorsed fascist has created an economic disaster. Shocking outcome.,,
Trump,trump-kritikere,variant,1,"Alle som tror Trump er normal. To av USAs mest profilerte programledere og Trump-kritikere dro til Mar-a-Lago for å smiske, fordi de var redde for represalier, ifølge nyhet",,
Trump,trump-led,variant,1,The Trump-led 2024 Republican platform instead calls for an American Iron Dome and the largest deportation operation ever.,,
Trump,trump-less,variant,1,"Really lays bare the pundit-class alternative dimension the Trump-less debate is taking place in. Like Marlo Stanfield said, you want it to be one way. But it's the other way.",,
Trump,trump-level-rudeness,variant,1,"TLR, Trump-Level-Rudeness 🤣",,
Trump,trump-loomer,variant,1,i’m not convinced the trump-loomer affair is real but it’s only fair to smear him with it,,
Trump,trump-mein,variant,1,"Trump reminds me of Televangelist Benny Hinn. Both men have living, breathing combovers. Both men steal millions a year from their followers. Both men have only read one book in their lives, Trump-Mein Kump, Hinn-The KJV Bible. Both men believe they are inherently truthful. Both men are clowns.",,
Trump,trump-message,variant,1,Jack Smith just dropped all charges ))?against Trump-message is clear if you’re a high school student in the ghetto: crime pays big and you can buy your way out of any jam. We finally see US’s true colors.,,
Trump,trump-musk-catturd,variant,1,A lot of weakness in and around the Trump-Musk-Catturd Administration today. A lot.,,
Trump,trump-normalizing,variant,1,"If you really want to hurt the Trump-normalizing NYTimes, stop doing Wordle",,
Trump,trump-palpatine,variant,1,This is how a republic falls. Emperor Trump-Palpatine energy.,,
Trump,trump-ramaswamy-musk,variant,1,"I love it when a Democrat says, “We have to get back to winning.” I’m like so what were y’all doing these past few years? Losing? Even w/Trump-Ramaswamy-Musk etc. being billionaires, voters think Dems = party for the rich? So many excuses AGAIN from DNC costing Kamala the election! Sad for us all!",,
Trump,trump-related,variant,1,The NYT Manual of Trump-Related Euphemisms.,,
Trump,trump-russian,variant,1,"Hey, everyone, here's another Trump-Russian troll to block.",,
Trump,trump-saka,variant,1,Juryen har bestemt seg i Trump-saka. 🌟🌟🌟,,
Trump,trump-skeptical,variant,1,We’ve witnessed eight years of Trump-skeptical conservatives looking for ways to blame the rise of Trump on his opponents and not the voters who vote for him — but this is truly the pinnacle of the genre. 10/10.,,
Trump,trump-specific,variant,1,"We have discussed the Trump-specific reasons why he is bad, but I want to discuss a more macro reason why the election result is so awful:

For those who want to see less corruption, less criminal activity, and more accountability from politicians in general, this election was a massive L.",,
Trump,trump-the,variant,1,"RFK Jr on MAGA: 
“Trump-the way u build a truly vicious nationalist mvmt: Wed a small core of belligerent idiots to a much larger group of opportunists & spineless fellow travelers whose primary function is to turn a blind 👁️ to things.” 

Also demonstrates there r “Plenty cowards & bootlickers” in 🇺🇸",,
Trump,trump-themed,variant,1,"ICYMI: I wrote about Trump’s relationship to Project 2025 - and why these radical plans represent the self-mobilization of a “conservative” establishment that is fundamentally in agreement with the extremist Right.

I even discussed Trump-themed Star Wars memes to make my argument!",,
Trump,trump-train,variant,1,"Yet you spread open for Trump-train. Amazing. 

Good day, sir.",,
Trump,trump-ukraine,variant,1,In other Trump-Ukraine news.,,
Trump,trump-von-dump,variant,1,"@anonymous BTC … I have always known you can’t change the past. Will Trump-von-dump have history rewritten to suit his imagined image?
I just realized that Musk-Rat may has access to all of my tweets. If turned in to the MAGA thought police, can I use the 1st Amendment as defense?",,
Trump,trump-worshipped,variant,1,"YES! Partially because I live in a Trump-worshipped, pathetic county where people just go jump off the same bridge as their peers. Embarrassing.",,
Trump,trump2,variant,1,"Really not looking forward to the military being Trump2.0’s Robert Mueller, on which Resistance Libs pin their hopes",,
Trump,trump3r,variant,1,"I called my bf a trump3r today bc he's excited about the destruction of evry regulatory agency put in place to protect the avg consumer, our environment, our SECURITY, our financial systems, our schools, etc. He says 'embrace the chaos' & believes that these agencies will become more efficient. 🙄🙄🙄",,
Trump,trump45,variant,1,Trump45's Legacy,,
Trump,trump73,variant,1,"Last night I was in a convo with a Trump73 voter, finally had to turn the noise off... The main bitch, Kamala Harris didn't win the primary... So idk maybe do some fucking research, stop being lazy... I'm not a subject matter expert but do like credible facts & KH was well within the DNC process! 🙄",,
Trump,trumparica,variant,1,"Why didn’t Kamala and all Democrats win a couple weeks ago?
Nothing makes sense anymore.

I just can’t handle it!

We have around 60 days left until who knows what?

Maybe there’s nothing to fear?
Maybe we get Democracy?
Maybe we get America?

Trumparica?",,
Trump,trumpcabinet,variant,1,Horror show… MattGaetz TrumpCabinet,,
Trump,trumpcoin,variant,1,His supporters will all be able to afford them once TrumpCoin takes off. Any day now.,,
Trump,trumpdebtcounter,variant,1,"The only tRump information that you really need. Where's the money going to come from? Hmm. 

trumpdebtcounter.com",,
Trump,trumpego,variant,1,"https://anonymous

I know what I think.

What do you think?

TrumpEgo VS mMuskEgo",,
Trump,trumpelstiltskin,variant,1,From the tiny flickers of good news department: Trumpelstiltskin did NOT win a majority of the popular vote. More people voted against him than for him.,,
Trump,trumpem,variant,1,"🇺🇸 Przedwyborczy pat w USA.

Kamala Harris powiększa przewagę nad Donaldem Trumpem. Ale to wciąż nic jeszcze nie oznacza, bo kandydatów dzieli różnica błędu statystycznego.
👇 
#KamalaHarris #DonaldTrump 
https://anonymous",,
Trump,trumpenfuehrer,variant,1,"More debasement/loyalty testing by Der Trumpenfuehrer.
.
""Want this job? Eat shit or hit the bricks.""",,
Trump,trumpenreich,variant,1,"People are rightly concerned about the possibilities of the TrumpenReich, but I’ve been trying to game this out and I think actually the “higher probability-bad outcome” is that Trump broadly attempts what he says he’ll do, regardless of efficacy, and the public approves",,
Trump,trumpery,variant,1,"This is exactly the appointments a moron will make proving all of our cases against the waste of carbon known as Trump. It literally is trumpery! 
Trumpery def: 
Attractive articles of absolutely no value.",,
Trump,trumpeteer,variant,1,"I was in Walmart and the person in front of me had a Trump hat on. I gave the meanest look I could muster. Do not fuck with me look. 

Then I saw the cashier was obviously trans. 

I was about to throw hands if that Trumpeteer said ANYTHING to either one of us. 

I don’t give a flying fuck.",,
Trump,trumpfs,variant,1,I may fund a fucking class action suit! I’ll fucking drain trumpfs fucking swamp out of his fucking wallet! Fuck with me I’m fucking Sicillian Irish and Scottish mother fucker LA COSA NOSTRA FUCKING BITCH ASS TRUMPF AND YOUR BITCH ASS DEGENERATE ASS KISSER RAPIST PEDOS!,,
Trump,trumpfukinstan,variant,1,Welcome to Trumpfukinstan,,
Trump,trumphole,variant,1,Don't put a label on me asshole! Take your forced perspective and shoved it up your Trumphole,,
Trump,trumpiest,variant,1,"This the Trumpiest thing you’ve read all day. So far. 
“I will be better served”??? FFS.",,
Trump,trumpilstiltskin,variant,1,We are fucked!  America is dead. I honestly have no optimism left. Maybe my liver cancer will kill me before trumpilstiltskin does!,,
Trump,trumpiness,variant,1,"Let's talk about tariffs, trade wars, and Trumpiness....

By Belle 
https://anonymous",,
Trump,trumpioid,variant,1,Even a non-Idiot can SEE this - only a tRumpioid would fall for it. tRump is WEAK and Soft Headed - FEEBLE even!! https://anonymous,,
Trump,trumpish,variant,1,"The MAGA 8 ball, and other Trumpish comics",,
Trump,trumpismygod,variant,1,trumpismygod.bsky.social BLOCK,,
Trump,trumpista,variant,1,"Trumpista terrorists are emboldened. This is in true blue Durham, NC",,
Trump,trumpkins,variant,1,"MAGA and Trumpkins gonna find out we Democrats can do this ""States Rights"" stuff too.",,
Trump,trumplafvk,variant,1,"I just heard a TrumpLaFvk say: ‘You can’t believe everything that he says!’

. . Referring to Trump‘s Project 2025",,
Trump,trumpler,variant,1,"Be ready for the horrific damage to our economy when Herr Trumpler starts kicking workers out of our country, in accordance with his white supremacy/xenophobia policies.",,
Trump,trumpliecan,variant,1,Think about it folks! More RatpubLIEcan TRumpLIEcan MAGAts hypocrisy!🤔🤬-e,,
Trump,trumplosion,variant,1,TRUMPLOSION,,
Trump,trumpmageddon,variant,1,Those of y'all who enjoy my daily🧵s of editorial cartoons will appreciate this Trumpmageddon Special from the Professional Cartoonist's association.,,
Trump,trumpmown,variant,1,"Conservative commentator Charlie Sykes rips into the “dangerous” nomination of Tulsi Gabbard for DNI:

“This is unlike any presidential cabinet we've ever seen including Donald Trumpmown cabinet in the first term”",,
Trump,trumpmusk,variant,1,One ugly flying monkey from trumpmusk Oz gone.,,
Trump,trumpofascism,variant,1,"Good luck USA.

Please don't let Trumpofascism grab you by the pussy.",,
Trump,trumpoids,variant,1,"I'm working on drafting my response to Trumpoids claiming fraud. So far I have:

""Shut the fuck up! You lost! He's a fucking loser, nobody cares, he got dicked on twice, cry more.""

Open to any additions I haven't thought of",,
Trump,trumpolini,variant,1,Trumpolini,,
Trump,trumponomics,variant,1,And speaking of Trumponomics…,,
Trump,trumpovi,variant,1,"Trumpovi kandidáti a nominanti dostali vyhrážky bombou a prepadnutím – Svet – Správy

https://anonymous

Viacero nominantov a kandidátov Donalda Trumpa na posty v jeho nastupujúcej administratíve dostalo v uplynulých hodinách vyhrážky bombou…",,
Trump,trumps-right-ear,variant,1,trumps-right-ear@anonymous may deserve to be blocked.,,
Trump,trumpscam,variant,1,"Only 76Mill US voters backed Trump. Out of 245Mill EligibleVoters, in a pop of 337Mill+. That's a mere 22,5% support & many dupes already regret falling for the TrumpScam. So SWITCH OFF when you see/hear Trump. Switch off! Don't worship the image of the Beast that Musk foisted onDupedLow-infoVoters!",,
Trump,trumpscrolling,variant,1,Ok that’s enough Trumpscrolling.,,
Trump,trumpscum,variant,1,Donald Trumpscum is a threat to the United States.,,
Trump,trumpsody,variant,1,"""Bohemian Trumpsody""
https://anonymous",,
Trump,trumpstate,variant,1,I got off of Trumpstate media — X — for good.,,
Trump,trumpstruth,variant,1,"Hey, political journalists on Bluesky: If you ever need to find a specific Trump Truth Social post—since searching through them is so difficult—one of my colleagues built this comprehensive database a few months ago. *Super* helpful.
trumpstruth.org",,
Trump,trumpsucks,variant,1,I like your style. Trumpsucks is like the pied piper of Hamelin.,,
Trump,trumptron-7000,variant,1,"“But we HAVE to reelect Chancellor Buttigieg because Trumptron-7000 is an existential threat to our republic! Now I’m just as unhappy as you are about his conquest of Latin America and the nuclear bombing of Toronto, but look at all he’s done for clone-slaves on the Moon colony!”",,
Trump,trumputian,variant,1,"Everyone it's time to adopt the term ""TrumPutian"". It fits better now than ever before.",,
Trump,trumputin,variant,1,Trumputin's Best Moments.,,
Trump,trumpville,variant,1,Welcome to Trumpville,,
Trump,trumpys,variant,1,Not all of trumpys choices will get past the nominations. He might have a majority in house and Senate but they hate Matt Gaetz,,
Trump,trumpzi,variant,1,"Please join me in referring to Trump supporters as Trumpzi or Trumpzis 

Trrumpzis, all together now.. arm up

Hail Trump.",,
Trump,whattrump,variant,1,"Today's video looks at whatTrump's win means for Post Brexit Britain.

https://anonymous",,
Trump,zapekids4trump1488,variant,1,"Just found @ zapekids4trump1488.

Gross. Please report and block",,
